"","pair","perc_profitability","avg_profit","total_profit","avg_holding","count"
"1","ACC.NS-AMBUJACEM.NS",0.666666666666667,3393.29236804177,61079.2626247518,29.6111111111111,18
"2","ACC.NS-DALMIABHA.NS",0.428571428571429,-31759.9987936702,-222319.991555692,32.2857142857143,7
"3","ACC.NS-GRASIM.NS",0.6875,17096.4373058941,273542.996894306,44.125,16
"4","ACC.NS-INDIACEM.NS",0.666666666666667,23627.1796844448,283526.156213337,26,12
"5","ACC.NS-SHREECEM.NS",0.652173913043478,-1037.19274607711,-23855.4331597735,33.5217391304348,23
"6","ACC.NS-ULTRACEMCO.NS",0.666666666666667,9919.84357602563,89278.5921842306,26.2222222222222,9
"7","ADANIENT.NS-PTC.NS",0.4,-10099.7352273744,-50498.676136872,38.4,5
"8","ADANIPORTS.NS-BEML.NS",0,-106003.102644246,-530015.513221228,37.8,5
"9","ADANIPORTS.NS-BHEL.NS",0.444444444444444,-11693.443167788,-105240.988510092,30.2222222222222,9
"10","ADANIPORTS.NS-CUMMINSIND.NS",0.666666666666667,1640.22661656629,29524.0790981932,19.9444444444444,18
"11","ADANIPORTS.NS-ENGINERSIN.NS",0.5,-9688.27194725831,-58129.6316835499,23.3333333333333,6
"12","ADANIPORTS.NS-GMRINFRA.NS",0.583333333333333,11696.8116250048,140361.739500058,28.0833333333333,12
"13","ADANIPORTS.NS-IRB.NS",0.714285714285714,16430.2404180934,345035.048779962,16.5238095238095,21
"14","ADANIPORTS.NS-JPASSOCIAT.NS",0.2,-145384.772294384,-726923.86147192,44.4,5
"15","ADANIPORTS.NS-LT.NS",0.666666666666667,13373.9838163561,401219.514490682,17.4333333333333,30
"16","ADANIPORTS.NS-NBCC.NS",0.571428571428571,3024.71444916476,21173.0011441533,26,7
"17","ADANIPORTS.NS-SIEMENS.NS",0.666666666666667,7931.48464706423,142766.723647156,14.5555555555556,18
"18","ADANIPOWER.NS-CESC.NS",0.333333333333333,-37683.1407566299,-226098.84453978,37.8333333333333,6
"19","ADANIPOWER.NS-JSWENERGY.NS",0.5,-8615.23412872785,-34460.9365149114,18,4
"20","ADANIPOWER.NS-NHPC.NS",0.538461538461538,-12736.5990731756,-165575.787951282,33.6923076923077,13
"21","ADANIPOWER.NS-NTPC.NS",0.555555555555556,8374.62295788211,75371.606620939,34.5555555555556,9
"22","ADANIPOWER.NS-POWERGRID.NS",0.5,-20192.8167804977,-201928.167804977,24.9,10
"23","ADANIPOWER.NS-RELINFRA.NS",0.333333333333333,-31851.67424636,-191110.04547816,37.6666666666667,6
"24","ADANIPOWER.NS-RPOWER.NS",0.2,-57107.5770491022,-285537.885245511,49.8,5
"25","ADANIPOWER.NS-SUZLON.NS",0.5,-19617.5585678126,-156940.468542501,17.625,8
"26","ADANIPOWER.NS-TATAPOWER.NS",0.538461538461538,-14863.6089751747,-193226.916677271,24,13
"27","ADANIPOWER.NS-TORNTPOWER.NS",0.25,-68691.6810558132,-549533.448446506,41.5,8
"28","AJANTPHARM.NS-AUROPHARMA.NS",0.55,-2108.54195266711,-42170.8390533421,24.05,20
"29","AJANTPHARM.NS-BIOCON.NS",0.4,-44748.1852465367,-447481.852465367,33.7,10
"30","AJANTPHARM.NS-CADILAHC.NS",0.642857142857143,21532.8093377832,301459.330728965,45.5,14
"31","AJANTPHARM.NS-CIPLA.NS",0.5,-14558.9943466933,-116471.954773547,32.5,8
"32","AJANTPHARM.NS-DIVISLAB.NS",0.2,-41889.5058621326,-209447.529310663,12.2,5
"33","AJANTPHARM.NS-DRREDDY.NS",0.625,8655.86146252693,69246.8917002155,16,8
"34","AJANTPHARM.NS-GLENMARK.NS",0.5,-13058.7651567501,-130587.651567501,20.3,10
"35","AJANTPHARM.NS-GRANULES.NS",0.428571428571429,-42059.8593337708,-294419.015336396,25.1428571428571,7
"36","AJANTPHARM.NS-LUPIN.NS",0.5,-2311.03546786142,-27732.425614337,13.8333333333333,12
"37","AJANTPHARM.NS-PEL.NS",0.555555555555556,-1554.54995444357,-13990.9495899921,23.1111111111111,9
"38","AJANTPHARM.NS-STAR.NS",0.666666666666667,8657.84402212289,155841.192398212,15.2777777777778,18
"39","AJANTPHARM.NS-SUNPHARMA.NS",0.615384615384615,-12802.8332466391,-166436.832206308,25.6923076923077,13
"40","AJANTPHARM.NS-TORNTPHARM.NS",0.5,-16013.7069767298,-288246.725581136,32.4444444444444,18
"41","ALBK.NS-ANDHRABANK.NS",0.444444444444444,-14565.3572723566,-131088.21545121,35.7777777777778,9
"42","ALBK.NS-BANKBARODA.NS",0.692307692307692,1639.96932226464,21319.6011894403,16.3076923076923,13
"43","ALBK.NS-BANKINDIA.NS",0.4,-19242.6457506521,-192426.457506521,44.2,10
"44","ALBK.NS-CANBK.NS",0.619047619047619,-11905.0835221567,-250006.753965292,23.2380952380952,21
"45","ALBK.NS-IDBI.NS",0.555555555555556,-13399.3594221291,-241188.469598324,13.2222222222222,18
"46","ALBK.NS-IFCI.NS",0.538461538461538,4998.84330388667,64984.9629505267,31.6153846153846,13
"47","ALBK.NS-INDIANB.NS",0.777777777777778,18194.6005797297,327502.810435134,39.1111111111111,18
"48","ALBK.NS-ORIENTBANK.NS",0.642857142857143,9742.45605486936,136394.384768171,63.5714285714286,14
"49","ALBK.NS-PFC.NS",0.9,48715.559874907,974311.19749814,34.25,20
"50","ALBK.NS-PNB.NS",0.727272727272727,14919.5262948379,164114.789243217,34.9090909090909,11
"51","ALBK.NS-RECLTD.NS",0.833333333333333,15407.1561409936,184885.873691923,48.9166666666667,12
"52","ALBK.NS-SBIN.NS",0.428571428571429,-30351.6081824603,-212461.257277222,50.4285714285714,7
"53","ALBK.NS-SOUTHBANK.NS",0.666666666666667,-1554.24799078912,-23313.7198618369,40.6666666666667,15
"54","ALBK.NS-SYNDIBANK.NS",0.5,-10613.779331014,-106137.79331014,26.4,10
"55","ALBK.NS-UNIONBANK.NS",0.636363636363636,1489.01083237793,16379.1191561573,29.2727272727273,11
"56","AMARAJABAT.NS-BOSCHLTD.NS",0.333333333333333,-29459.4616172774,-265135.154555496,21.3333333333333,9
"57","AMARAJABAT.NS-EXIDEIND.NS",0.642857142857143,-2781.6427393251,-38942.9983505513,20,14
"58","AMARAJABAT.NS-MOTHERSUMI.NS",0.5,-6123.53343991938,-85729.4681588713,30.2857142857143,14
"59","AMBUJACEM.NS-DALMIABHA.NS",0,-132385.042253039,-529540.169012158,39.5,4
"60","AMBUJACEM.NS-GRASIM.NS",0.555555555555556,-5085.72845142585,-45771.5560628326,41.6666666666667,9
"61","AMBUJACEM.NS-INDIACEM.NS",0.636363636363636,-2755.71552113018,-30312.870732432,28.1818181818182,11
"62","AMBUJACEM.NS-SHREECEM.NS",0.666666666666667,5586.72179942656,117321.157787958,25.6190476190476,21
"63","AMBUJACEM.NS-ULTRACEMCO.NS",0.666666666666667,1268.15827116285,19022.3740674427,54.7333333333333,15
"64","ANDHRABANK.NS-BANKBARODA.NS",0.555555555555556,-2537.1033655153,-22833.9302896377,22.1111111111111,9
"65","ANDHRABANK.NS-BANKINDIA.NS",0.166666666666667,-54816.7092422789,-328900.255453673,59,6
"66","ANDHRABANK.NS-CANBK.NS",0.642857142857143,2127.68125059146,29787.5375082804,30.2142857142857,14
"67","ANDHRABANK.NS-IDBI.NS",0.666666666666667,6537.43860436499,98061.5790654748,21.3333333333333,15
"68","ANDHRABANK.NS-IFCI.NS",0.761904761904762,12010.179926184,252213.778449863,28.4761904761905,21
"69","ANDHRABANK.NS-INDIANB.NS",0.875,34684.1858877337,554946.974203739,51.375,16
"70","ANDHRABANK.NS-ORIENTBANK.NS",0.6,-1189.98722214478,-11899.8722214478,30.6,10
"71","ANDHRABANK.NS-PFC.NS",0.875,35403.6836580697,849688.407793672,68.375,24
"72","ANDHRABANK.NS-PNB.NS",0.642857142857143,-2130.60581023493,-29828.4813432891,25.6428571428571,14
"73","ANDHRABANK.NS-RECLTD.NS",0.681818181818182,15479.0327243268,340538.71993519,32.0454545454545,22
"74","ANDHRABANK.NS-SBIN.NS",0.857142857142857,21767.2210429135,457111.641901183,24.2380952380952,21
"75","ANDHRABANK.NS-SOUTHBANK.NS",0.8,33657.8429497687,841446.073744218,35.64,25
"76","ANDHRABANK.NS-SYNDIBANK.NS",0.6,385.192535852245,7703.85071704491,18.15,20
"77","ANDHRABANK.NS-UNIONBANK.NS",0.75,14658.6293757331,117269.035005865,53.125,8
"78","APOLLOHOSP.NS-FORTIS.NS",0.782608695652174,28954.8912843969,665962.499541128,20.3913043478261,23
"79","APOLLOTYRE.NS-BALKRISIND.NS",0.5,7639.17802324477,61113.4241859582,24.5,8
"80","APOLLOTYRE.NS-CEATLTD.NS",0.5,-20981.4973631826,-251777.968358191,20.5,12
"81","APOLLOTYRE.NS-MRF.NS",0.666666666666667,10423.715431132,125084.585173584,20.6666666666667,12
"82","ARVIND.NS-CENTURYTEX.NS",0.571428571428571,7711.13417604824,53977.9392323377,27.2857142857143,7
"83","ARVIND.NS-ICIL.NS",0.4,-57656.4470901986,-576564.470901986,36.8,10
"84","ARVIND.NS-PAGEIND.NS",0.571428571428571,2550.25596685648,17851.7917679954,54.4285714285714,7
"85","ARVIND.NS-RAYMOND.NS",0.5625,-12789.3261196088,-204629.217913741,27.125,16
"86","ARVIND.NS-SRF.NS",0.722222222222222,41677.0542493883,750186.976488989,25,18
"87","ASHOKLEY.NS-EICHERMOT.NS",0.666666666666667,18252.1790013776,164269.611012398,26.2222222222222,9
"88","ASHOKLEY.NS-ESCORTS.NS",0.692307692307692,13947.2973922927,181314.866099806,15.9230769230769,13
"89","ASHOKLEY.NS-TATAMOTORS.NS",0.333333333333333,-44656.4899710884,-267938.939826531,25.3333333333333,6
"90","ASHOKLEY.NS-TATAMTRDVR.NS",0.5,3628.97976279693,21773.8785767816,17.6666666666667,6
"91","ASIANPAINT.NS-BERGEPAINT.NS",0.875,30041.3490270624,1201653.96108249,24.975,40
"92","AUROPHARMA.NS-BIOCON.NS",0.5,-15836.4410359773,-63345.7641439094,92.25,4
"93","AUROPHARMA.NS-CADILAHC.NS",0.777777777777778,27759.6380090534,749510.226244442,22.6666666666667,27
"94","AUROPHARMA.NS-CIPLA.NS",0.454545454545455,-25697.3337856713,-282670.671642384,48.0909090909091,11
"95","AUROPHARMA.NS-DIVISLAB.NS",0.647058823529412,24763.6971856671,420982.852156341,26.5294117647059,17
"96","AUROPHARMA.NS-DRREDDY.NS",0.4,-42078.323585395,-210391.617926975,31.2,5
"97","AUROPHARMA.NS-GLENMARK.NS",0.769230769230769,15390.1055006838,200071.371508889,19.1538461538462,13
"98","AUROPHARMA.NS-GRANULES.NS",0.5,-3409.73901393121,-40916.8681671745,12.8333333333333,12
"99","AUROPHARMA.NS-LUPIN.NS",0.666666666666667,-10438.073447954,-93942.6610315856,12.4444444444444,9
"100","AUROPHARMA.NS-PEL.NS",0.545454545454545,1496.42111468349,16460.6322615184,27.4545454545455,11
"101","AUROPHARMA.NS-STAR.NS",0.631578947368421,8650.28782978442,164355.468765904,29.5789473684211,19
"102","AUROPHARMA.NS-SUNPHARMA.NS",0.2,-48729.0031853662,-243645.015926831,42.8,5
"103","AUROPHARMA.NS-TORNTPHARM.NS",0.823529411764706,31716.3172200329,1078354.78548112,22.9705882352941,34
"104","AXISBANK.NS-FEDERALBNK.NS",0.833333333333333,21762.5301347214,391725.542424985,35.1111111111111,18
"105","AXISBANK.NS-HDFCBANK.NS",0.615384615384615,-6844.1220893196,-88973.5871611548,44.6153846153846,13
"106","AXISBANK.NS-ICICIBANK.NS",0.791666666666667,20141.8893196104,483405.343670649,25.7083333333333,24
"107","AXISBANK.NS-IDFC.NS",0.642857142857143,8370.01971088661,117180.275952413,36.9285714285714,14
"108","AXISBANK.NS-INDUSINDBK.NS",0.411764705882353,-33636.9282309156,-571827.779925565,42.4705882352941,17
"109","AXISBANK.NS-KOTAKBANK.NS",0.538461538461538,-7740.83882006334,-100630.904660823,25.7692307692308,13
"110","AXISBANK.NS-KTKBANK.NS",0.714285714285714,20551.6388684042,431584.416236489,47.3809523809524,21
"111","AXISBANK.NS-YESBANK.NS",0.666666666666667,2766.72584122411,49801.0651420339,27.4444444444444,18
"112","BAJAJFINSV.NS-L.TFH.NS",0.666666666666667,10096.672668665,121160.07202398,17.6666666666667,12
"113","BAJAJFINSV.NS-MUTHOOTFIN.NS",0.466666666666667,-27556.5268320826,-413347.902481239,28.5333333333333,15
"114","BAJAJFINSV.NS-RELCAPITAL.NS",0.692307692307692,22051.6743326665,286671.766324664,30.6923076923077,13
"115","BAJAJ_AUTO.NS-HEROMOTOCO.NS",0.791666666666667,14890.4380858324,357370.514059978,26.7083333333333,24
"116","BAJAJ_AUTO.NS-TVSMOTOR.NS",0.5,-984.221181569999,-3936.88472628,41,4
"117","BAJFINANCE.NS-CHOLAFIN.NS",0.590909090909091,4891.6335246141,107615.93754151,26.9545454545455,22
"118","BAJFINANCE.NS-M.MFIN.NS",0.222222222222222,-80391.9391424841,-723527.452282357,39.8888888888889,9
"119","BAJFINANCE.NS-SRTRANSFIN.NS",0.416666666666667,-39428.823036982,-473145.876443783,29,12
"120","BALKRISIND.NS-CEATLTD.NS",0.428571428571429,-6678.62818813457,-46750.397316942,26.4285714285714,7
"121","BALKRISIND.NS-MRF.NS",0.647058823529412,21800.9297365698,370615.805521686,22.8235294117647,17
"122","BANKBARODA.NS-BANKINDIA.NS",0.636363636363636,-7795.33255240693,-85748.6580764763,27.6363636363636,11
"123","BANKBARODA.NS-CANBK.NS",0,-42702.1485302854,-85404.2970605707,9,2
"124","BANKBARODA.NS-IDBI.NS",0.6875,15519.4190518981,248310.704830369,14.375,16
"125","BANKBARODA.NS-IFCI.NS",0.529411764705882,-21268.4349740173,-361563.394558293,25.5294117647059,17
"126","BANKBARODA.NS-INDIANB.NS",0.357142857142857,-34971.6725927896,-489603.416299055,21.7142857142857,14
"127","BANKBARODA.NS-ORIENTBANK.NS",0.714285714285714,11974.1450555056,83819.0153885393,17.4285714285714,7
"128","BANKBARODA.NS-PFC.NS",0.692307692307692,28166.8258362914,366168.735871788,36.6923076923077,13
"129","BANKBARODA.NS-PNB.NS",0.692307692307692,10719.8389078583,139357.905802158,18.4615384615385,13
"130","BANKBARODA.NS-RECLTD.NS",0.75,32009.5472330087,512152.755728139,20.6875,16
"131","BANKBARODA.NS-SBIN.NS",0.5,-8205.25014686716,-98463.0017624059,18.0833333333333,12
"132","BANKBARODA.NS-SOUTHBANK.NS",0.769230769230769,48321.8577457497,628184.150694745,49.1538461538462,13
"133","BANKBARODA.NS-SYNDIBANK.NS",0.611111111111111,-2283.56221882865,-41104.1199389158,18.6111111111111,18
"134","BANKBARODA.NS-UNIONBANK.NS",0.863636363636364,36800.5861839509,809612.89604692,28.8181818181818,22
"135","BANKINDIA.NS-CANBK.NS",0.428571428571429,-15580.8777688362,-109066.144381853,13.4285714285714,7
"136","BANKINDIA.NS-IDBI.NS",0,-73105.4774235365,-292421.909694146,10.25,4
"137","BANKINDIA.NS-IFCI.NS",0.444444444444444,-42903.7911619325,-386134.120457392,27.1111111111111,9
"138","BANKINDIA.NS-INDIANB.NS",0.428571428571429,-32246.3882130499,-451449.434982699,54.2142857142857,14
"139","BANKINDIA.NS-ORIENTBANK.NS",0.625,11635.7787335548,93086.2298684382,40.25,8
"140","BANKINDIA.NS-PFC.NS",0.625,-71.1487076062849,-1138.37932170056,59.1875,16
"141","BANKINDIA.NS-PNB.NS",0.818181818181818,17356.2536557171,190918.790212888,26.8181818181818,11
"142","BANKINDIA.NS-RECLTD.NS",0.75,11349.1598171309,136189.917805571,32.5833333333333,12
"143","BANKINDIA.NS-SBIN.NS",0.625,3049.20514548371,24393.6411638697,33.5,8
"144","BANKINDIA.NS-SOUTHBANK.NS",0.636363636363636,-2460.41288692314,-27064.5417561546,48.8181818181818,11
"145","BANKINDIA.NS-SYNDIBANK.NS",0.5,-16255.7539688795,-65023.015875518,24.5,4
"146","BANKINDIA.NS-UNIONBANK.NS",0.823529411764706,23848.2945630481,405421.007571817,23.8235294117647,17
"147","BATAINDIA.NS-JISLJALEQS.NS",0.636363636363636,10273.9735719207,113013.709291128,24.8181818181818,11
"148","BATAINDIA.NS-KSCL.NS",0.727272727272727,21677.0047100969,238447.051811066,40.3636363636364,11
"149","BATAINDIA.NS-MCX.NS",0.666666666666667,4653.9710082177,83771.4781479185,40.3888888888889,18
"150","BATAINDIA.NS-PCJEWELLER.NS",0.545454545454545,20200.4347122774,222204.781835052,30.1818181818182,11
"151","BATAINDIA.NS-SINTEX.NS",0.666666666666667,-12679.4410444216,-76076.6462665295,33.3333333333333,6
"152","BATAINDIA.NS-TITAN.NS",0.555555555555556,-5317.40914923785,-95713.3646862814,25.6666666666667,18
"153","BATAINDIA.NS-VOLTAS.NS",0.666666666666667,21379.1455905462,128274.873543277,28.5,6
"154","BEL.NS-HAVELLS.NS",0.615384615384615,-13184.1210190611,-171393.573247794,20,13
"155","BEL.NS-VGUARD.NS",0.545454545454545,5149.81987295961,56648.0186025557,32.3636363636364,11
"156","BEML.NS-BHEL.NS",0.571428571428571,-4012.28410094112,-56171.9774131757,21.9285714285714,14
"157","BEML.NS-CUMMINSIND.NS",0.363636363636364,-28487.2069016599,-313359.275918258,25.5454545454545,11
"158","BEML.NS-ENGINERSIN.NS",0.333333333333333,-78043.9695247826,-234131.908574348,26.6666666666667,3
"159","BEML.NS-GMRINFRA.NS",0.333333333333333,-50149.9662387142,-451349.696148427,21.2222222222222,9
"160","BEML.NS-IRB.NS",0.2,-115751.475678104,-578757.378390521,41.6,5
"161","BEML.NS-JPASSOCIAT.NS",0.5,-22729.907917417,-90919.631669668,22.5,4
"162","BEML.NS-LT.NS",0.3,-63264.6754453369,-632646.754453369,21.1,10
"163","BEML.NS-NBCC.NS",0.5,-14774.2172176102,-88645.3033056612,72.6666666666667,6
"164","BEML.NS-SIEMENS.NS",0.363636363636364,-39674.3141284132,-436417.455412545,29.3636363636364,11
"165","BHARTIARTL.NS-IDEA.NS",0.631578947368421,2820.95146399333,53598.0778158732,33.5789473684211,19
"166","BHARTIARTL.NS-RCOM.NS",0.818181818181818,27381.4489775808,301195.938753389,21.6363636363636,11
"167","BHARTIARTL.NS-TATACOMM.NS",0.583333333333333,1130.49624644214,13565.9549573057,22.9166666666667,12
"168","BHEL.NS-CUMMINSIND.NS",0.722222222222222,4735.61137195123,85241.0046951222,44.5,18
"169","BHEL.NS-ENGINERSIN.NS",0.583333333333333,-16759.9089866529,-201118.907839835,31.5,12
"170","BHEL.NS-GMRINFRA.NS",0.708333333333333,14097.9356541561,338350.455699746,17.5416666666667,24
"171","BHEL.NS-IRB.NS",0.692307692307692,12433.8059354693,161639.477161101,33.0769230769231,13
"172","BHEL.NS-JPASSOCIAT.NS",0.555555555555556,-17863.2381812237,-160769.143631013,28.3333333333333,9
"173","BHEL.NS-LT.NS",0.823529411764706,13749.0856410439,233734.455897746,36.3529411764706,17
"174","BHEL.NS-NBCC.NS",0.5,-16555.7476609651,-198668.971931581,17.6666666666667,12
"175","BHEL.NS-SIEMENS.NS",0.466666666666667,-15212.423694554,-228186.35541831,40.4666666666667,15
"176","BIOCON.NS-CADILAHC.NS",0.529411764705882,-29037.8639494494,-493643.68714064,35,17
"177","BIOCON.NS-CIPLA.NS",0.666666666666667,17306.322605893,311513.806906074,18.1111111111111,18
"178","BIOCON.NS-DIVISLAB.NS",0.666666666666667,-3671.66394245987,-66089.9509642776,12.8888888888889,18
"179","BIOCON.NS-DRREDDY.NS",0.5,-24951.8536355938,-199614.82908475,11.625,8
"180","BIOCON.NS-GLENMARK.NS",0.5,-20061.2270695383,-200612.270695383,29.3,10
"181","BIOCON.NS-GRANULES.NS",0.769230769230769,34042.1583879899,442548.059043868,26.3846153846154,13
"182","BIOCON.NS-LUPIN.NS",0.666666666666667,13601.3262175194,122411.935957674,15.5555555555556,9
"183","BIOCON.NS-PEL.NS",0.571428571428571,-13357.8329760141,-280514.492496295,30.2857142857143,21
"184","BIOCON.NS-STAR.NS",0.5,2081.78911084125,12490.7346650475,98.5,6
"185","BIOCON.NS-SUNPHARMA.NS",0.583333333333333,-2384.36654388208,-28612.398526585,15.9166666666667,12
"186","BIOCON.NS-TORNTPHARM.NS",0.428571428571429,-28948.9513597989,-405285.319037185,29.5714285714286,14
"187","BOSCHLTD.NS-EXIDEIND.NS",0.7,13807.5452231746,276150.904463491,19.2,20
"188","BOSCHLTD.NS-MOTHERSUMI.NS",0.769230769230769,26682.1583618974,346868.058704667,42.6923076923077,13
"189","BPCL.NS-HINDPETRO.NS",0.625,2398.83152220336,38381.3043552538,21.875,16
"190","BPCL.NS-IOC.NS",0.6875,4319.19970679206,69107.1953086729,34.375,16
"191","BPCL.NS-MRPL.NS",0.72,14643.1982595847,366079.956489616,21.88,25
"192","BPCL.NS-RELIANCE.NS",0.4,-71365.8584394467,-356829.292197233,89.8,5
"193","BRITANNIA.NS-JUBLFOOD.NS",0.444444444444444,-32187.2823469357,-289685.541122421,46.7777777777778,9
"194","BRITANNIA.NS-NESTLEIND.NS",0.647058823529412,-3599.58978689839,-61193.0263772727,29.8235294117647,17
"195","BRITANNIA.NS-TATAGLOBAL.NS",0.642857142857143,459.571509391225,6434.00113147715,29.5714285714286,14
"196","CADILAHC.NS-CIPLA.NS",0.615384615384615,10476.1148321259,136189.492817637,24.7692307692308,13
"197","CADILAHC.NS-DIVISLAB.NS",0.695652173913043,602.199802292952,13850.5954527379,30.6521739130435,23
"198","CADILAHC.NS-DRREDDY.NS",0.571428571428571,-9690.83123499222,-135671.637289891,23.5714285714286,14
"199","CADILAHC.NS-GLENMARK.NS",0.714285714285714,11796.3061073783,247722.428254945,21.2857142857143,21
"200","CADILAHC.NS-GRANULES.NS",0.7,9855.65829875658,197113.165975132,16.75,20
"201","CADILAHC.NS-LUPIN.NS",0.5,22157.6602545778,177261.282036622,31.375,8
"202","CADILAHC.NS-PEL.NS",0.5,-11278.7368052908,-112787.368052908,39.1,10
"203","CADILAHC.NS-STAR.NS",0.705882352941177,16761.6599943513,284948.219903972,30.7058823529412,17
"204","CADILAHC.NS-SUNPHARMA.NS",0.4,-35150.6688199146,-175753.344099573,45.2,5
"205","CADILAHC.NS-TORNTPHARM.NS",0.666666666666667,6617.04689771618,178660.266238337,25.6296296296296,27
"206","CANBK.NS-IDBI.NS",0.625,-6825.34426114444,-109205.508178311,19.375,16
"207","CANBK.NS-IFCI.NS",0.823529411764706,28204.4065658034,479474.911618658,19.9411764705882,17
"208","CANBK.NS-INDIANB.NS",0.703703703703704,9753.55448319683,263345.971046314,19.6296296296296,27
"209","CANBK.NS-ORIENTBANK.NS",0.333333333333333,-51715.3757743877,-155146.127323163,8.33333333333333,3
"210","CANBK.NS-PFC.NS",0.708333333333333,14995.5652673565,359893.566416555,29.375,24
"211","CANBK.NS-PNB.NS",0.5,-40233.0514828149,-241398.308896889,26.1666666666667,6
"212","CANBK.NS-RECLTD.NS",0.736842105263158,45678.5264228494,867892.002034139,34.6315789473684,19
"213","CANBK.NS-SBIN.NS",0.5,-1048.34297841805,-12580.1157410166,26.1666666666667,12
"214","CANBK.NS-SOUTHBANK.NS",0.733333333333333,24284.5255706483,364267.883559724,22.2666666666667,15
"215","CANBK.NS-SYNDIBANK.NS",0.588235294117647,6817.52574370094,115897.937642916,31,17
"216","CANBK.NS-UNIONBANK.NS",0.5,-10309.9611397118,-164959.378235389,41.0625,16
"217","CANFINHOME.NS-DHFL.NS",0.7,14597.8411476936,291956.822953872,22.15,20
"218","CANFINHOME.NS-HDFC.NS",0.2,-98810.0700765406,-494050.350382703,35.2,5
"219","CANFINHOME.NS-LICHSGFIN.NS",0.5,-27718.7343407994,-332624.812089592,44,12
"220","CEATLTD.NS-MRF.NS",0.636363636363636,-9136.40911732872,-100500.500290616,21,11
"221","CENTURYTEX.NS-ICIL.NS",0.2,-112419.05844374,-562095.292218699,26,5
"222","CENTURYTEX.NS-PAGEIND.NS",0.466666666666667,-28126.5311527338,-421897.967291007,31.7333333333333,15
"223","CENTURYTEX.NS-RAYMOND.NS",0.4375,-21734.1007328396,-347745.611725433,39.9375,16
"224","CENTURYTEX.NS-SRF.NS",0.5625,-9323.91295186867,-149182.607229899,24.0625,16
"225","CESC.NS-JSWENERGY.NS",0.631578947368421,-6873.4370211205,-130595.303401289,26.2105263157895,19
"226","CESC.NS-NHPC.NS",0.466666666666667,-21917.631171795,-328764.467576925,13.2,15
"227","CESC.NS-NTPC.NS",0.538461538461538,2150.39888879115,27955.185554285,23.2307692307692,13
"228","CESC.NS-POWERGRID.NS",0.6,-1848.38176510058,-36967.6353020117,20.6,20
"229","CESC.NS-RELINFRA.NS",0.444444444444444,-15084.7449929936,-135762.704936942,44.5555555555556,9
"230","CESC.NS-RPOWER.NS",0.333333333333333,-31202.2586599897,-93606.775979969,51.6666666666667,3
"231","CESC.NS-SUZLON.NS",0.740740740740741,22810.059686998,615871.611548947,13.5185185185185,27
"232","CESC.NS-TATAPOWER.NS",0.533333333333333,-9101.61205473817,-136524.180821073,32.8,15
"233","CESC.NS-TORNTPOWER.NS",0.666666666666667,17825.1102736344,106950.661641807,23.3333333333333,6
"234","CHOLAFIN.NS-M.MFIN.NS",0.730769230769231,22512.6518647918,585328.948484587,24.4615384615385,26
"235","CHOLAFIN.NS-SRTRANSFIN.NS",0.708333333333333,16145.7017815564,387496.842757353,25.5,24
"236","CIPLA.NS-DIVISLAB.NS",0.375,-50297.2269937718,-402377.815950174,21.625,8
"237","CIPLA.NS-DRREDDY.NS",0.428571428571429,-22301.5491338296,-156110.843936807,27.7142857142857,7
"238","CIPLA.NS-GLENMARK.NS",0.866666666666667,22499.6500164002,337494.750246002,36.4,15
"239","CIPLA.NS-GRANULES.NS",0.5,956.259532841582,5737.55719704949,36.8333333333333,6
"240","CIPLA.NS-LUPIN.NS",0,-62063.4288810874,-496507.431048699,36.5,8
"241","CIPLA.NS-PEL.NS",0.833333333333333,30568.1118201605,733634.683683852,16.5833333333333,24
"242","CIPLA.NS-STAR.NS",0.5,-23547.9038536179,-235479.038536179,31.2,10
"243","CIPLA.NS-SUNPHARMA.NS",0.764705882352941,18633.5568552294,316770.466538899,19.4117647058824,17
"244","CIPLA.NS-TORNTPHARM.NS",0.733333333333333,16184.5252556813,242767.878835219,42.8666666666667,15
"245","COALINDIA.NS-NMDC.NS",0.666666666666667,-3075.01849570179,-55350.3329226323,19.1666666666667,18
"246","COLPAL.NS-DABUR.NS",0.730769230769231,6648.00521552481,172848.135603645,25.8846153846154,26
"247","COLPAL.NS-GODREJCP.NS",0.863636363636364,34339.5076755845,755469.168862859,27,22
"248","COLPAL.NS-GODREJIND.NS",0.761904761904762,14750.3919353196,309758.230641711,36.7619047619048,21
"249","COLPAL.NS-HINDUNILVR.NS",0.5,-4148.15254938992,-58074.1356914589,30.7142857142857,14
"250","COLPAL.NS-MARICO.NS",0.6875,9187.89267902208,294012.565728707,24.375,32
"251","CONCOR.NS-JETAIRWAYS.NS",0.25,-56496.3867155657,-225985.546862263,60.5,4
"252","CUMMINSIND.NS-ENGINERSIN.NS",0.909090909090909,26970.3426912529,296673.769603782,15.1818181818182,11
"253","CUMMINSIND.NS-GMRINFRA.NS",0.631578947368421,1197.23611680588,22747.4862193117,14.6842105263158,19
"254","CUMMINSIND.NS-IRB.NS",0.846153846153846,35158.1500696773,914111.901811611,26.1538461538462,26
"255","CUMMINSIND.NS-JPASSOCIAT.NS",0.666666666666667,42293.6046196765,126880.81385903,14.6666666666667,3
"256","CUMMINSIND.NS-LT.NS",0.782608695652174,20414.9706658831,469544.325315312,13.8260869565217,23
"257","CUMMINSIND.NS-NBCC.NS",0.538461538461538,-8138.26330537053,-105797.422969817,29.3076923076923,13
"258","CUMMINSIND.NS-SIEMENS.NS",0.758620689655172,9706.59511365439,281491.258295977,24.5172413793103,29
"259","DABUR.NS-GODREJCP.NS",0.735294117647059,20174.6133880371,685936.855193263,28.2647058823529,34
"260","DABUR.NS-GODREJIND.NS",0.782608695652174,17849.059223515,410528.362140846,17.8695652173913,23
"261","DABUR.NS-HINDUNILVR.NS",0.619047619047619,-1101.38374970964,-23129.0587439025,35.3333333333333,21
"262","DABUR.NS-MARICO.NS",0.739130434782609,16574.6544034375,381217.051279063,19.2173913043478,23
"263","DALMIABHA.NS-GRASIM.NS",0.529411764705882,-19707.2536988525,-335023.312880493,17.1764705882353,17
"264","DALMIABHA.NS-INDIACEM.NS",0.6,5949.45537107851,118989.10742157,27.4,20
"265","DALMIABHA.NS-SHREECEM.NS",0.421052631578947,-21865.2323986656,-415439.415574647,9.57894736842105,19
"266","DALMIABHA.NS-ULTRACEMCO.NS",0.5,-69254.542520049,-277018.170080196,47.75,4
"267","DHFL.NS-HDFC.NS",0.4,-35884.9319798594,-358849.319798594,24.7,10
"268","DHFL.NS-LICHSGFIN.NS",0.461538461538462,-28327.3180322087,-368255.134418713,31,13
"269","DISHTV.NS-PVR.NS",0.571428571428571,-17400.2452979128,-243603.43417078,36.5714285714286,14
"270","DISHTV.NS-SUNTV.NS",0.6,-12613.4446838486,-189201.67025773,26.4,15
"271","DISHTV.NS-TV18BRDCST.NS",0.631578947368421,-1941.52597533425,-36888.9935313507,27.8421052631579,19
"272","DISHTV.NS-ZEEL.NS",0.647058823529412,3952.16210988127,67186.7558679817,44.8235294117647,17
"273","DIVISLAB.NS-DRREDDY.NS",0.705882352941177,8360.36504871335,142126.205828127,16.5294117647059,17
"274","DIVISLAB.NS-GLENMARK.NS",0.5,-20221.835723956,-323549.371583296,16.75,16
"275","DIVISLAB.NS-GRANULES.NS",0.769230769230769,21286.2073609633,276720.695692523,19.6153846153846,13
"276","DIVISLAB.NS-LUPIN.NS",0.5,-9257.84150269189,-92578.4150269189,18.6,10
"277","DIVISLAB.NS-PEL.NS",0.444444444444444,-19743.2445123245,-177689.20061092,20.7777777777778,9
"278","DIVISLAB.NS-STAR.NS",0.5,-12108.361207099,-169517.056899386,28.8571428571429,14
"279","DIVISLAB.NS-SUNPHARMA.NS",0.25,-62532.1026250123,-250128.410500049,12.5,4
"280","DIVISLAB.NS-TORNTPHARM.NS",0.782608695652174,27241.4763821839,626553.956790229,30.0869565217391,23
"281","DLF.NS-HDIL.NS",0,-94879.0177429224,-284637.053228767,11,3
"282","DLF.NS-IBREALEST.NS",0.6875,-3891.34518358328,-62261.5229373325,36.625,16
"283","DLF.NS-NCC.NS",0.5,-58355.9280828584,-700271.1369943,29.9166666666667,12
"284","DRREDDY.NS-GLENMARK.NS",0.6,-6231.84705928426,-62318.4705928426,29.4,10
"285","DRREDDY.NS-GRANULES.NS",0.727272727272727,14726.7964861816,161994.761347997,12.0909090909091,11
"286","DRREDDY.NS-LUPIN.NS",0.7,5350.3580978332,53503.580978332,35.5,10
"287","DRREDDY.NS-PEL.NS",0.777777777777778,21114.8315723448,190033.484151103,22.8888888888889,9
"288","DRREDDY.NS-STAR.NS",0.636363636363636,8040.61456094488,88446.7601703937,29.4545454545455,11
"289","DRREDDY.NS-SUNPHARMA.NS",0.545454545454545,-3839.75607457247,-42237.3168202972,31.4545454545455,11
"290","DRREDDY.NS-TORNTPHARM.NS",0.714285714285714,22128.8537335877,309803.952270228,22.2142857142857,14
"291","EICHERMOT.NS-ESCORTS.NS",0.571428571428571,-2242.43642146729,-15697.054950271,23.2857142857143,7
"292","EICHERMOT.NS-TATAMOTORS.NS",0.75,26155.8459746791,209246.767797432,17.125,8
"293","EICHERMOT.NS-TATAMTRDVR.NS",0.428571428571429,-43598.675316967,-610381.454437539,22.8571428571429,14
"294","ENGINERSIN.NS-GMRINFRA.NS",0.608695652173913,-4560.54361172928,-104892.503069774,33.0869565217391,23
"295","ENGINERSIN.NS-IRB.NS",0.75,38363.3202622529,460359.843147035,28.1666666666667,12
"296","ENGINERSIN.NS-JPASSOCIAT.NS",0.6,-17290.1404723092,-86450.702361546,32.8,5
"297","ENGINERSIN.NS-LT.NS",0.571428571428571,-2096.70173364344,-14676.9121355041,23.4285714285714,7
"298","ENGINERSIN.NS-NBCC.NS",0.714285714285714,-6815.54437721113,-47708.8106404779,29.7142857142857,7
"299","ENGINERSIN.NS-SIEMENS.NS",0.583333333333333,294.336524557582,3532.03829469098,45.25,12
"300","ESCORTS.NS-TATAMOTORS.NS",0.642857142857143,-5782.03605544362,-80948.5047762107,16.0714285714286,14
"301","ESCORTS.NS-TATAMTRDVR.NS",0.166666666666667,-72661.3014955499,-435967.808973299,19.5,6
"302","EXIDEIND.NS-MOTHERSUMI.NS",0.666666666666667,13355.8341477661,360607.521989686,23.6666666666667,27
"303","FEDERALBNK.NS-HDFCBANK.NS",0.384615384615385,-21181.8955279833,-275364.641863783,34.8461538461538,13
"304","FEDERALBNK.NS-ICICIBANK.NS",0.7,15500.8163124974,310016.326249947,21.35,20
"305","FEDERALBNK.NS-IDFC.NS",0.6875,12361.1647799685,197778.636479496,29.375,16
"306","FEDERALBNK.NS-INDUSINDBK.NS",0.555555555555556,-2827.53917925148,-25447.8526132633,29.5555555555556,9
"307","FEDERALBNK.NS-KOTAKBANK.NS",0.466666666666667,-44359.2721818528,-665389.082727792,41.1333333333333,15
"308","FEDERALBNK.NS-KTKBANK.NS",0.578947368421053,-4280.41601800622,-81327.9043421181,26.7894736842105,19
"309","FEDERALBNK.NS-YESBANK.NS",0.705882352941177,13361.4438699922,227144.545789867,29.1764705882353,17
"310","GAIL.NS-IGL.NS",0.761904761904762,25428.6136131172,534000.88587546,28.2857142857143,21
"311","GAIL.NS-OIL.NS",0.588235294117647,-6253.44974293611,-106308.645629914,20.0588235294118,17
"312","GAIL.NS-ONGC.NS",0.84,23983.5761767326,599589.404418314,27.84,25
"313","GAIL.NS-PETRONET.NS",0.541666666666667,-20935.9913562145,-502463.792549148,40.5416666666667,24
"314","GLENMARK.NS-GRANULES.NS",0.555555555555556,3335.83240166964,30022.4916150268,25.7777777777778,9
"315","GLENMARK.NS-LUPIN.NS",0.631578947368421,-4304.49904103927,-81785.4817797462,27.3157894736842,19
"316","GLENMARK.NS-PEL.NS",0.791666666666667,30005.0894939019,720122.147853645,17.0416666666667,24
"317","GLENMARK.NS-STAR.NS",0.625,3483.70573006025,27869.645840482,50.75,8
"318","GLENMARK.NS-SUNPHARMA.NS",0.75,23679.811797644,284157.741571728,27.5,12
"319","GLENMARK.NS-TORNTPHARM.NS",0.461538461538462,-32084.7451891373,-417101.687458785,38.2307692307692,13
"320","GMRINFRA.NS-IRB.NS",0.533333333333333,-19638.8094213319,-294582.141319979,79.2,15
"321","GMRINFRA.NS-JPASSOCIAT.NS",0.769230769230769,22787.5852149332,296238.607794132,15.3076923076923,13
"322","GMRINFRA.NS-LT.NS",0.823529411764706,40147.8209601863,682512.956323167,31.9411764705882,17
"323","GMRINFRA.NS-NBCC.NS",0.4,-40221.0332527644,-402210.332527644,18.6,10
"324","GMRINFRA.NS-SIEMENS.NS",0.5625,-1326.78423812489,-21228.5478099982,16.75,16
"325","GODFRYPHLP.NS-ITC.NS",0.857142857142857,26622.6385437438,372716.939612414,36.2857142857143,14
"326","GODREJCP.NS-GODREJIND.NS",0.742857142857143,18528.7393487748,648505.877207119,28.8857142857143,35
"327","GODREJCP.NS-HINDUNILVR.NS",0.785714285714286,20444.5500356606,858671.101497747,23.452380952381,42
"328","GODREJCP.NS-MARICO.NS",0.67741935483871,16765.5209307092,519731.148851985,29.8064516129032,31
"329","GODREJIND.NS-HINDUNILVR.NS",0.636363636363636,-485.146468672128,-10673.2223107868,31.7727272727273,22
"330","GODREJIND.NS-MARICO.NS",0.608695652173913,-2196.52901616054,-50520.1673716924,28.7826086956522,23
"331","GRANULES.NS-LUPIN.NS",0.75,8151.41180297384,65211.2944237907,54.125,8
"332","GRANULES.NS-PEL.NS",0.625,27098.02885608,216784.23084864,38.625,8
"333","GRANULES.NS-STAR.NS",0.8125,50406.4900029862,806503.840047779,26.0625,16
"334","GRANULES.NS-SUNPHARMA.NS",0.7,13068.0965100833,130680.965100833,23.7,10
"335","GRANULES.NS-TORNTPHARM.NS",0.5,-17491.143442546,-209893.721310552,25.3333333333333,12
"336","GRASIM.NS-INDIACEM.NS",0.722222222222222,21936.3083698092,394853.550656565,39.6111111111111,18
"337","GRASIM.NS-SHREECEM.NS",0.666666666666667,3319.99824293005,109559.942016692,29.1212121212121,33
"338","GRASIM.NS-ULTRACEMCO.NS",0.642857142857143,-4298.08393066819,-60173.1750293546,34.0714285714286,14
"339","GSFC.NS-PIDILITIND.NS",0.545454545454545,-7798.93977720486,-85788.3375492534,29.2727272727273,11
"340","GSFC.NS-TATACHEM.NS",0.625,-3033.46643112505,-48535.4628980008,25.5,16
"341","HAVELLS.NS-VGUARD.NS",0.5,7815.65140025855,46893.9084015513,63,6
"342","HCLTECH.NS-HEXAWARE.NS",0.631578947368421,2868.66188120946,54504.5757429797,31.8947368421053,19
"343","HCLTECH.NS-INFY.NS",0.6875,13753.9752620357,220063.604192572,36.8125,16
"344","HCLTECH.NS-KPIT.NS",0.692307692307692,8854.21778777111,115104.831241024,21,13
"345","HCLTECH.NS-MINDTREE.NS",0.615384615384615,10606.6062130643,137885.880769836,17,13
"346","HCLTECH.NS-NIITTECH.NS",0.631578947368421,-4689.0339406944,-89091.6448731937,17.1052631578947,19
"347","HCLTECH.NS-OFSS.NS",0.461538461538462,-10234.2856062522,-133045.712881279,32.5384615384615,13
"348","HCLTECH.NS-TATAELXSI.NS",0.916666666666667,36329.6540951473,435955.849141767,20.4166666666667,12
"349","HCLTECH.NS-TCS.NS",0.846153846153846,21220.1584354387,827586.17898211,12.4102564102564,39
"350","HCLTECH.NS-TECHM.NS",0.428571428571429,-15310.8617531189,-107176.032271832,35,7
"351","HCLTECH.NS-WIPRO.NS",0.681818181818182,4720.3468046822,103847.629703008,35.9090909090909,22
"352","HDFC.NS-LICHSGFIN.NS",0.777777777777778,23643.6334551991,425585.402193583,38.5555555555556,18
"353","HDFCBANK.NS-ICICIBANK.NS",0.666666666666667,3766.89761199573,56503.464179936,38.3333333333333,15
"354","HDFCBANK.NS-IDFC.NS",0.684210526315789,4505.8077640517,85610.3475169822,19.7368421052632,19
"355","HDFCBANK.NS-INDUSINDBK.NS",0.807692307692308,16951.6785228391,440743.641593817,24.5384615384615,26
"356","HDFCBANK.NS-KOTAKBANK.NS",0.730769230769231,13291.4182216354,345576.873762521,28.6923076923077,26
"357","HDFCBANK.NS-KTKBANK.NS",0.611111111111111,-3126.69803297164,-56280.5645934896,28.3888888888889,18
"358","HDFCBANK.NS-YESBANK.NS",0.583333333333333,-1234.81837539187,-14817.8205047025,29.1666666666667,12
"359","HDIL.NS-IBREALEST.NS",0.5,-32723.9598354869,-130895.839341948,85,4
"360","HDIL.NS-NCC.NS",0.466666666666667,622.953793466188,9344.30690199282,21.7333333333333,15
"361","HEROMOTOCO.NS-TVSMOTOR.NS",0.5,-6948.78817618663,-41692.7290571198,30,6
"362","HEXAWARE.NS-INFY.NS",0.375,-26904.0275586847,-215232.220469478,97.375,8
"363","HEXAWARE.NS-KPIT.NS",0.375,-43793.0615000874,-350344.4920007,20.375,8
"364","HEXAWARE.NS-MINDTREE.NS",0.25,-84280.8010882397,-337123.204352959,22,4
"365","HEXAWARE.NS-NIITTECH.NS",0.666666666666667,16131.7626347022,193581.151616426,18.9166666666667,12
"366","HEXAWARE.NS-OFSS.NS",0.555555555555556,-9049.17135592855,-81442.5422033569,20.2222222222222,9
"367","HEXAWARE.NS-TATAELXSI.NS",0.5,17358.6532125337,69434.6128501347,42.5,4
"368","HEXAWARE.NS-TCS.NS",0.642857142857143,6164.47328127904,86302.6259379065,37.5,14
"369","HEXAWARE.NS-TECHM.NS",0.727272727272727,19184.9508387754,211034.45922653,18.2727272727273,11
"370","HEXAWARE.NS-WIPRO.NS",0.7,15057.2633586328,301145.267172655,31.3,20
"371","HINDALCO.NS-HINDZINC.NS",0.692307692307692,-3014.9479234195,-39194.3230044535,36.7692307692308,13
"372","HINDPETRO.NS-IOC.NS",0.5625,-4654.54627344721,-74472.7403751554,28.125,16
"373","HINDPETRO.NS-MRPL.NS",0.636363636363636,9035.74418211848,198786.372006607,23.2727272727273,22
"374","HINDPETRO.NS-RELIANCE.NS",0.25,-77062.4397192916,-308249.758877167,42.75,4
"375","HINDUNILVR.NS-MARICO.NS",0.541666666666667,-3927.07667380145,-94249.8401712349,33.5833333333333,24
"376","IBREALEST.NS-NCC.NS",0.555555555555556,-17966.1052731686,-161694.947458518,38.5555555555556,9
"377","ICICIBANK.NS-IDFC.NS",0.588235294117647,11699.5518177132,198892.380901124,24.9411764705882,17
"378","ICICIBANK.NS-INDUSINDBK.NS",0.611111111111111,3410.67746606837,61392.1943892306,39.4444444444444,18
"379","ICICIBANK.NS-KOTAKBANK.NS",0.6,79.8317260733125,1995.79315183281,40.44,25
"380","ICICIBANK.NS-KTKBANK.NS",0.827586206896552,25767.6550683342,747261.99698169,18.8275862068966,29
"381","ICICIBANK.NS-YESBANK.NS",0.5,-26386.3968297579,-211091.174638063,46,8
"382","ICIL.NS-PAGEIND.NS",0.166666666666667,-114924.70856421,-689548.251385263,28.3333333333333,6
"383","ICIL.NS-RAYMOND.NS",0.833333333333333,36183.8225546304,217102.935327782,13.1666666666667,6
"384","ICIL.NS-SRF.NS",0.25,-100078.297283216,-400313.189132862,22.75,4
"385","IDBI.NS-IFCI.NS",0.521739130434783,-13391.4241503168,-308002.755457286,33.3478260869565,23
"386","IDBI.NS-INDIANB.NS",0.571428571428571,-9679.73029462494,-135516.224124749,19.3571428571429,14
"387","IDBI.NS-ORIENTBANK.NS",0.166666666666667,-57363.2719177915,-344179.631506749,36.8333333333333,6
"388","IDBI.NS-PFC.NS",0.666666666666667,-6822.23940621952,-102333.591093293,34.5333333333333,15
"389","IDBI.NS-PNB.NS",0.333333333333333,-17751.4782386728,-53254.4347160184,7.66666666666667,3
"390","IDBI.NS-RECLTD.NS",0.705882352941177,13642.3349856041,231919.69475527,22.4705882352941,17
"391","IDBI.NS-SBIN.NS",0.636363636363636,7484.83299178504,82333.1629096354,19.8181818181818,11
"392","IDBI.NS-SOUTHBANK.NS",0.785714285714286,44683.0905816601,625563.268143241,24.9285714285714,14
"393","IDBI.NS-SYNDIBANK.NS",0.538461538461538,-7552.28833435615,-98179.7483466299,24.1538461538462,13
"394","IDBI.NS-UNIONBANK.NS",0.583333333333333,-8619.17833709911,-103430.140045189,24.75,12
"395","IDEA.NS-RCOM.NS",0.666666666666667,11581.4786275716,69488.8717654297,37.1666666666667,6
"396","IDEA.NS-TATACOMM.NS",0.333333333333333,-68289.9606615431,-409739.763969259,36.5,6
"397","IDFC.NS-INDUSINDBK.NS",0.75,14443.8505452213,346652.413085312,17,24
"398","IDFC.NS-KOTAKBANK.NS",0.684210526315789,8663.11293839562,164599.145829517,26.4736842105263,19
"399","IDFC.NS-KTKBANK.NS",0.692307692307692,23024.7548082028,299321.812506636,30.6923076923077,13
"400","IDFC.NS-YESBANK.NS",0.6,44165.8099896633,441658.099896633,17.9,10
"401","IFCI.NS-INDIANB.NS",0.538461538461538,-15878.687740473,-206422.94062615,19.8461538461538,13
"402","IFCI.NS-ORIENTBANK.NS",0.666666666666667,13602.7446728821,81616.4680372925,28.1666666666667,6
"403","IFCI.NS-PFC.NS",0.681818181818182,10270.1477054755,225943.249520461,29,22
"404","IFCI.NS-PNB.NS",1,47395.0866177693,189580.346471077,14.5,4
"405","IFCI.NS-RECLTD.NS",0.666666666666667,9965.02079652476,179370.374337446,37,18
"406","IFCI.NS-SBIN.NS",0.6,-874.332585594943,-8743.32585594943,41.7,10
"407","IFCI.NS-SOUTHBANK.NS",0.764705882352941,34969.8918211269,594488.160959158,30.6470588235294,17
"408","IFCI.NS-SYNDIBANK.NS",0.588235294117647,4379.8022587685,74456.6383990645,23.2352941176471,17
"409","IFCI.NS-UNIONBANK.NS",0.777777777777778,66919.8239104449,602278.415194004,52.8888888888889,9
"410","IGL.NS-OIL.NS",0.631578947368421,2486.04556134664,47234.8656655863,21.8421052631579,19
"411","IGL.NS-ONGC.NS",0.611111111111111,-7087.72850873049,-127579.113157149,30.7222222222222,18
"412","IGL.NS-PETRONET.NS",0.783783783783784,18485.908513824,683978.615011488,17.972972972973,37
"413","INDIACEM.NS-SHREECEM.NS",0.533333333333333,-25384.7255175509,-380770.882763263,35.4,15
"414","INDIACEM.NS-ULTRACEMCO.NS",0.285714285714286,-59870.9560079073,-419096.692055351,29.1428571428571,7
"415","INDIANB.NS-ORIENTBANK.NS",0.642857142857143,-13821.0763994174,-193495.069591843,47.2857142857143,14
"416","INDIANB.NS-PFC.NS",0.875,46307.1031872941,740913.650996705,33.1875,16
"417","INDIANB.NS-PNB.NS",0.7,16725.0967573282,167250.967573282,39.2,10
"418","INDIANB.NS-RECLTD.NS",0.826086956521739,35443.8755409314,815209.137441423,18.7391304347826,23
"419","INDIANB.NS-SBIN.NS",0.740740740740741,17497.5930844189,472435.013279312,25.8518518518519,27
"420","INDIANB.NS-SOUTHBANK.NS",0.857142857142857,51289.4616965928,359026.231876149,29.7142857142857,7
"421","INDIANB.NS-SYNDIBANK.NS",0.5,-12828.9182558485,-205262.692093575,27,16
"422","INDIANB.NS-UNIONBANK.NS",0.652173913043478,4619.96890002068,106259.284700476,19.3478260869565,23
"423","INDUSINDBK.NS-KOTAKBANK.NS",0.730769230769231,20034.2435152523,520890.331396559,26.2307692307692,26
"424","INDUSINDBK.NS-KTKBANK.NS",0.727272727272727,17213.8498909123,189352.348800036,39.9090909090909,11
"425","INDUSINDBK.NS-YESBANK.NS",0.695652173913043,8917.15317753926,205094.523083403,15.304347826087,23
"426","INFY.NS-KPIT.NS",0.545454545454545,-8501.21244838614,-93513.3369322475,25.0909090909091,11
"427","INFY.NS-MINDTREE.NS",0.714285714285714,19565.6028801705,273918.440322388,36.2142857142857,14
"428","INFY.NS-NIITTECH.NS",0.444444444444444,-32252.1265331706,-290269.138798536,36.4444444444444,9
"429","INFY.NS-OFSS.NS",0.736842105263158,9426.29563385321,179099.617043211,25.4210526315789,19
"430","INFY.NS-TATAELXSI.NS",0.714285714285714,12115.3111591365,84807.1781139556,31.7142857142857,7
"431","INFY.NS-TCS.NS",0.636363636363636,11523.2681504373,253511.89930962,36.7727272727273,22
"432","INFY.NS-TECHM.NS",0.642857142857143,-255.324799062568,-3574.54718687596,23.8571428571429,14
"433","INFY.NS-WIPRO.NS",0.6875,12157.8915616319,194526.26498611,39.8125,16
"434","IOC.NS-MRPL.NS",0.68,20744.6802218556,518617.005546389,30.56,25
"435","IOC.NS-RELIANCE.NS",0.5,-15589.979553,-124719.836424,19,8
"436","IRB.NS-JPASSOCIAT.NS",0.461538461538462,-59884.6717878514,-778500.733242069,43.8461538461538,13
"437","IRB.NS-LT.NS",0.666666666666667,10568.7186308958,158530.779463437,23.6666666666667,15
"438","IRB.NS-NBCC.NS",0.588235294117647,-7184.25060092244,-122132.260215681,16.0588235294118,17
"439","IRB.NS-SIEMENS.NS",0.647058823529412,13558.7295390904,230498.402164536,21.5882352941176,17
"440","JINDALSTEL.NS-JSWSTEEL.NS",0.625,6178.04355231259,49424.3484185007,48.875,8
"441","JINDALSTEL.NS-SAIL.NS",0.666666666666667,45352.3431758303,136057.029527491,43.6666666666667,3
"442","JINDALSTEL.NS-TATASTEEL.NS",0.285714285714286,-59664.2129183949,-417649.490428764,20.1428571428571,7
"443","JISLJALEQS.NS-KSCL.NS",0.25,-112766.796421317,-451067.18568527,56.75,4
"444","JISLJALEQS.NS-MCX.NS",0.733333333333333,30105.6805073786,451585.20761068,28.5333333333333,15
"445","JISLJALEQS.NS-PCJEWELLER.NS",0.733333333333333,19324.5534116677,289868.301175016,28.9333333333333,15
"446","JISLJALEQS.NS-SINTEX.NS",0.333333333333333,-48684.1738465151,-438157.564618636,22.4444444444444,9
"447","JISLJALEQS.NS-TITAN.NS",0.583333333333333,-8327.19679646642,-99926.361557597,32.0833333333333,12
"448","JISLJALEQS.NS-VOLTAS.NS",0.769230769230769,39078.5470202041,508021.111262654,35,13
"449","JPASSOCIAT.NS-LT.NS",0.4,-65074.410513321,-325372.052566605,37.2,5
"450","JPASSOCIAT.NS-NBCC.NS",0.333333333333333,-56637.2224387683,-339823.33463261,17.1666666666667,6
"451","JPASSOCIAT.NS-SIEMENS.NS",0.25,-53300.8117466998,-213203.246986799,21,4
"452","JSWENERGY.NS-NHPC.NS",0.588235294117647,-11239.2168082052,-191066.685739488,22.0588235294118,17
"453","JSWENERGY.NS-NTPC.NS",0.695652173913043,10994.7592878489,252879.463620524,22.2608695652174,23
"454","JSWENERGY.NS-POWERGRID.NS",0.772727272727273,24549.8701046548,540097.142302406,17.8636363636364,22
"455","JSWENERGY.NS-RELINFRA.NS",0.428571428571429,-38946.7166576444,-272627.016603511,50.1428571428571,7
"456","JSWENERGY.NS-RPOWER.NS",0.428571428571429,-9272.38002810497,-64906.6601967348,30.4285714285714,7
"457","JSWENERGY.NS-SUZLON.NS",0.625,-1538.19336517649,-24611.0938428238,20.1875,16
"458","JSWENERGY.NS-TATAPOWER.NS",0.3125,-47833.4171691722,-765334.674706755,32,16
"459","JSWENERGY.NS-TORNTPOWER.NS",0.818181818181818,40399.1603667416,444390.764034157,15.7272727272727,11
"460","JSWSTEEL.NS-SAIL.NS",0.571428571428571,-4804.73710897893,-33633.1597628525,60.8571428571429,7
"461","JSWSTEEL.NS-TATASTEEL.NS",0.777777777777778,27310.8954131711,245798.05871854,36.6666666666667,9
"462","JUBLFOOD.NS-NESTLEIND.NS",0.625,6053.65610249615,48429.2488199692,40,8
"463","JUBLFOOD.NS-TATAGLOBAL.NS",0.5,-17854.481232192,-249962.737250688,30.7857142857143,14
"464","KOTAKBANK.NS-KTKBANK.NS",0.75,13362.9243314404,267258.486628808,29.75,20
"465","KOTAKBANK.NS-YESBANK.NS",0.894736842105263,33187.8713588811,630569.55581874,24.8947368421053,19
"466","KPIT.NS-MINDTREE.NS",0.5,-10767.6590524572,-107676.590524572,20.6,10
"467","KPIT.NS-NIITTECH.NS",0.692307692307692,19170.3921941775,498430.197048615,21.1153846153846,26
"468","KPIT.NS-OFSS.NS",0.666666666666667,9378.20284943945,140673.042741592,23.0666666666667,15
"469","KPIT.NS-TATAELXSI.NS",0.333333333333333,-41528.0707743866,-249168.42464632,37.1666666666667,6
"470","KPIT.NS-TCS.NS",0.647058823529412,-3092.65018565487,-52575.0531561328,19.2941176470588,17
"471","KPIT.NS-TECHM.NS",0.666666666666667,7255.03705326816,130590.666958827,24.5555555555556,18
"472","KPIT.NS-WIPRO.NS",0.692307692307692,48305.9667790499,627977.568127649,32.5384615384615,13
"473","KSCL.NS-MCX.NS",0.416666666666667,-48276.564358216,-579318.772298592,19.75,12
"474","KSCL.NS-PCJEWELLER.NS",0.571428571428571,-4464.77372345623,-62506.8321283872,22.9285714285714,14
"475","KSCL.NS-SINTEX.NS",0.727272727272727,10083.735049219,110921.085541409,31.3636363636364,11
"476","KSCL.NS-TITAN.NS",0.714285714285714,31062.9928101936,434881.899342711,40.8571428571429,14
"477","KSCL.NS-VOLTAS.NS",0.583333333333333,-17846.7070737306,-214160.484884767,19.9166666666667,12
"478","KTKBANK.NS-YESBANK.NS",0.625,24511.1063614894,196088.850891915,21.875,8
"479","L.TFH.NS-MUTHOOTFIN.NS",0.571428571428571,-8966.72194433558,-125534.107220698,36.5,14
"480","L.TFH.NS-RELCAPITAL.NS",0.444444444444444,-17298.5315891861,-155686.784302675,16.3333333333333,9
"481","LT.NS-NBCC.NS",0.444444444444444,-17567.0051330296,-158103.046197267,40.7777777777778,9
"482","LT.NS-SIEMENS.NS",0.82051282051282,27545.7779981734,1074285.34192876,19.1025641025641,39
"483","LUPIN.NS-PEL.NS",0.5,-6962.75546342669,-55702.0437074135,44.75,8
"484","LUPIN.NS-STAR.NS",0.2,-84604.5716191755,-423022.858095877,52.8,5
"485","LUPIN.NS-SUNPHARMA.NS",0.692307692307692,7679.53661815398,199667.952072003,21.8846153846154,26
"486","LUPIN.NS-TORNTPHARM.NS",0.5,-15847.4905168834,-190169.886202601,24.25,12
"487","M.M.NS-MARUTI.NS",0.333333333333333,-45979.5915668486,-413816.324101637,37.7777777777778,9
"488","M.MFIN.NS-SRTRANSFIN.NS",0.583333333333333,3646.61281065781,43759.3537278937,26.6666666666667,12
"489","MCDOWELL.N.NS-UBL.NS",0.75,29164.2413959334,583284.827918668,28.1,20
"490","MCX.NS-PCJEWELLER.NS",0.285714285714286,-54819.5407283217,-383736.785098252,88.7142857142857,7
"491","MCX.NS-SINTEX.NS",0.7,7594.79574269685,75947.9574269685,32.7,10
"492","MCX.NS-TITAN.NS",0.666666666666667,8404.78492115786,100857.419053894,15.8333333333333,12
"493","MCX.NS-VOLTAS.NS",0.375,-17674.8666432918,-141398.933146334,20,8
"494","MINDTREE.NS-NIITTECH.NS",0.222222222222222,-65394.3709440638,-588549.338496574,42.5555555555556,9
"495","MINDTREE.NS-OFSS.NS",0,-111790.245935783,-223580.491871566,69,2
"496","MINDTREE.NS-TATAELXSI.NS",0.6,-5553.38899006464,-27766.9449503232,29.2,5
"497","MINDTREE.NS-TCS.NS",0.555555555555556,8281.03856191223,74529.3470572101,16.6666666666667,9
"498","MINDTREE.NS-TECHM.NS",0.6,-16500.4096585934,-165004.096585934,54.8,10
"499","MINDTREE.NS-WIPRO.NS",0.5,-11918.2391062065,-71509.434637239,32.1666666666667,6
"500","MRPL.NS-RELIANCE.NS",0.428571428571429,-52132.0996433552,-729849.395006973,42,14
"501","MUTHOOTFIN.NS-RELCAPITAL.NS",0.7,22731.6643770688,227316.643770688,46.6,10
"502","NBCC.NS-SIEMENS.NS",0.428571428571429,-14525.4879991845,-101678.415994291,70.8571428571429,7
"503","NESTLEIND.NS-TATAGLOBAL.NS",0.75,21548.844885983,603367.656807525,27,28
"504","NHPC.NS-NTPC.NS",0.619047619047619,1813.29775778962,38079.252913582,32.6190476190476,21
"505","NHPC.NS-POWERGRID.NS",0.689655172413793,7298.10234202097,211644.967918608,24.3103448275862,29
"506","NHPC.NS-RELINFRA.NS",0.764705882352941,16517.5668004575,280798.635607778,24.2941176470588,17
"507","NHPC.NS-RPOWER.NS",0.3,-40263.5740555349,-402635.740555349,25.1,10
"508","NHPC.NS-SUZLON.NS",0.647058823529412,5729.87492004675,97407.8736407947,34.5882352941176,17
"509","NHPC.NS-TATAPOWER.NS",0.684210526315789,8149.31369106431,154836.960130222,25.1578947368421,19
"510","NHPC.NS-TORNTPOWER.NS",0.6875,1398.42400691111,22374.7841105778,21.25,16
"511","NIITTECH.NS-OFSS.NS",0.6,11106.8355698652,111068.355698652,17.5,10
"512","NIITTECH.NS-TATAELXSI.NS",0.375,-27411.9961858364,-219295.969486691,22.625,8
"513","NIITTECH.NS-TCS.NS",0.722222222222222,24563.7616275452,442147.709295813,33.8333333333333,18
"514","NIITTECH.NS-TECHM.NS",0.538461538461538,270.955592777477,3522.4227061072,20.8461538461538,13
"515","NIITTECH.NS-WIPRO.NS",0.692307692307692,23758.0037307622,308854.048499908,21.8461538461538,13
"516","NTPC.NS-POWERGRID.NS",0.681818181818182,4957.7040217179,109069.488477794,38.0909090909091,22
"517","NTPC.NS-RELINFRA.NS",0.444444444444444,-15190.4632057044,-136714.168851339,20.5555555555556,9
"518","NTPC.NS-RPOWER.NS",0.5,-28800.6140181137,-172803.684108682,46.5,6
"519","NTPC.NS-SUZLON.NS",0.666666666666667,-2038.41619288864,-12230.4971573318,42.3333333333333,6
"520","NTPC.NS-TATAPOWER.NS",0.555555555555556,3962.85041619988,71331.3074915978,35.2222222222222,18
"521","NTPC.NS-TORNTPOWER.NS",0.545454545454545,20334.3820892686,223678.202981954,29.3636363636364,11
"522","OFSS.NS-TATAELXSI.NS",0.5,-15409.7189158194,-154097.189158194,27.8,10
"523","OFSS.NS-TCS.NS",0.782608695652174,17958.0860107223,413035.978246614,28.8695652173913,23
"524","OFSS.NS-TECHM.NS",0.615384615384615,-12582.5501666093,-163573.15216592,26.4615384615385,13
"525","OFSS.NS-WIPRO.NS",0.6875,6806.18221422418,108898.915427587,18.6875,16
"526","OIL.NS-ONGC.NS",0.838709677419355,21099.1198834105,654072.716385725,36.9677419354839,31
"527","OIL.NS-PETRONET.NS",0.578947368421053,-18455.5334595033,-350655.135730563,41.0526315789474,19
"528","ONGC.NS-PETRONET.NS",0.678571428571429,10008.5592876376,280239.660053854,23.25,28
"529","ORIENTBANK.NS-PFC.NS",0.7,6556.11196938747,131122.239387749,58.65,20
"530","ORIENTBANK.NS-PNB.NS",0.333333333333333,-54665.2085625376,-491986.877062838,54.2222222222222,9
"531","ORIENTBANK.NS-RECLTD.NS",0.823529411764706,46023.6899482944,782402.729121006,22,17
"532","ORIENTBANK.NS-SBIN.NS",0.333333333333333,-57898.6594083524,-347391.956450115,92.3333333333333,6
"533","ORIENTBANK.NS-SOUTHBANK.NS",0.714285714285714,13691.6546518937,95841.5825632556,33,7
"534","ORIENTBANK.NS-SYNDIBANK.NS",0.555555555555556,-10280.3712187863,-92523.3409690771,22.1111111111111,9
"535","ORIENTBANK.NS-UNIONBANK.NS",0.625,4754.12162877945,38032.9730302356,14.875,8
"536","PAGEIND.NS-RAYMOND.NS",0.636363636363636,4820.39030247964,106048.586654552,19.0454545454545,22
"537","PAGEIND.NS-SRF.NS",0.705882352941177,19227.4199124056,326866.138510895,33.7647058823529,17
"538","PCJEWELLER.NS-SINTEX.NS",0.625,2271.81606027858,18174.5284822286,16.25,8
"539","PCJEWELLER.NS-TITAN.NS",0.533333333333333,-5200.45462397168,-78006.8193595752,18.2666666666667,15
"540","PCJEWELLER.NS-VOLTAS.NS",0.714285714285714,18122.4282818754,380570.993919383,32.2857142857143,21
"541","PEL.NS-STAR.NS",0.5,-10694.9545486076,-149729.363680506,36.2142857142857,14
"542","PEL.NS-SUNPHARMA.NS",0.785714285714286,18613.6304256672,260590.82595934,28.7857142857143,14
"543","PEL.NS-TORNTPHARM.NS",0.65,8812.21456374253,176244.291274851,33.25,20
"544","PFC.NS-PNB.NS",0.2,-69927.196252134,-349635.98126067,48.4,5
"545","PFC.NS-RECLTD.NS",0.7,8577.79917786004,85777.9917786004,37.1,10
"546","PFC.NS-SBIN.NS",0.722222222222222,8732.37883168061,157182.818970251,39.5555555555556,18
"547","PFC.NS-SOUTHBANK.NS",0.777777777777778,20189.4690772339,363410.443390211,56.0555555555556,18
"548","PFC.NS-SYNDIBANK.NS",0.722222222222222,34609.9587850414,622979.258130745,18.8888888888889,18
"549","PFC.NS-UNIONBANK.NS",0.823529411764706,44081.6864709985,749388.670006974,30.1176470588235,17
"550","PIDILITIND.NS-TATACHEM.NS",0.727272727272727,17548.2228247522,193030.451072274,29.5454545454545,11
"551","PNB.NS-RECLTD.NS",0.7,16478.8068858799,164788.068858799,14.2,10
"552","PNB.NS-SBIN.NS",0.666666666666667,2426.93749937542,21842.4374943788,41.6666666666667,9
"553","PNB.NS-SOUTHBANK.NS",0.666666666666667,41562.3521625856,249374.112975513,31.8333333333333,6
"554","PNB.NS-SYNDIBANK.NS",0.75,27364.3504100802,218914.803280641,41.375,8
"555","PNB.NS-UNIONBANK.NS",0.692307692307692,9734.09870531423,126543.283169085,18.9230769230769,13
"556","POWERGRID.NS-RELINFRA.NS",0.666666666666667,15682.2089217074,141139.880295367,40,9
"557","POWERGRID.NS-RPOWER.NS",0.333333333333333,-27797.8039815395,-166786.823889237,32.5,6
"558","POWERGRID.NS-SUZLON.NS",0.4,-46015.7949385214,-460157.949385214,24,10
"559","POWERGRID.NS-TATAPOWER.NS",0.636363636363636,-8936.12645604685,-98297.3910165154,57.3636363636364,11
"560","POWERGRID.NS-TORNTPOWER.NS",0.692307692307692,16418.0182103472,213434.236734514,33.7692307692308,13
"561","PVR.NS-SUNTV.NS",0.64,7513.70449476547,187842.612369137,24.96,25
"562","PVR.NS-TV18BRDCST.NS",0.636363636363636,8777.93207341735,96557.2528075909,43.0909090909091,11
"563","PVR.NS-ZEEL.NS",0.583333333333333,-4599.13976132198,-55189.6771358637,41.8333333333333,12
"564","RAYMOND.NS-SRF.NS",0.6,2472.36690899345,37085.5036349018,28.4666666666667,15
"565","RCOM.NS-TATACOMM.NS",0.857142857142857,33537.1666695735,234760.166687015,10,7
"566","RECLTD.NS-SBIN.NS",0.5,-14984.9626464476,-239759.402343161,39.4375,16
"567","RECLTD.NS-SOUTHBANK.NS",0.769230769230769,27427.6718290409,356559.733777531,39.1538461538462,13
"568","RECLTD.NS-SYNDIBANK.NS",0.714285714285714,13793.4500756501,193108.301059102,13.0714285714286,14
"569","RECLTD.NS-UNIONBANK.NS",0.5625,-19029.6285248398,-304474.056397436,20,16
"570","RELINFRA.NS-RPOWER.NS",0.642857142857143,2435.90204889612,34102.6286845457,32.2142857142857,14
"571","RELINFRA.NS-SUZLON.NS",0.428571428571429,-57826.7394457199,-404787.17612004,44.4285714285714,7
"572","RELINFRA.NS-TATAPOWER.NS",0.666666666666667,1985.84708783487,35745.2475810277,26.1111111111111,18
"573","RELINFRA.NS-TORNTPOWER.NS",0.666666666666667,19837.6678228434,178539.010405591,34.8888888888889,9
"574","RPOWER.NS-SUZLON.NS",0.2,-71505.1577105619,-357525.78855281,38.6,5
"575","RPOWER.NS-TATAPOWER.NS",0.6,2754.15343290703,41312.3014936055,22.4,15
"576","RPOWER.NS-TORNTPOWER.NS",0.5,-18730.1134029466,-187301.134029466,20.9,10
"577","SAIL.NS-TATASTEEL.NS",0.4,-15503.3739375136,-77516.8696875678,34,5
"578","SBIN.NS-SOUTHBANK.NS",0.944444444444444,43851.466729587,789326.401132565,19.4444444444444,18
"579","SBIN.NS-SYNDIBANK.NS",0.7,7580.40164895741,75804.0164895741,31,10
"580","SBIN.NS-UNIONBANK.NS",0.625,7394.98267356401,118319.722777024,22.5625,16
"581","SHREECEM.NS-ULTRACEMCO.NS",0.794117647058823,18747.8618541396,637427.303040745,18.9705882352941,34
"582","SINTEX.NS-TITAN.NS",0.666666666666667,-29447.8876103109,-353374.651323731,13.6666666666667,12
"583","SINTEX.NS-VOLTAS.NS",0.5,-99138.9738760716,-594833.843256429,23.6666666666667,6
"584","SOUTHBANK.NS-SYNDIBANK.NS",0.75,21232.9610308442,424659.220616885,24.4,20
"585","SOUTHBANK.NS-UNIONBANK.NS",0.571428571428571,-12108.5493303926,-169519.690625496,19.0714285714286,14
"586","STAR.NS-SUNPHARMA.NS",0.25,-61886.6082512894,-495092.866010315,17.875,8
"587","STAR.NS-TORNTPHARM.NS",0.7,24161.897476769,483237.949535381,18.4,20
"588","SUNPHARMA.NS-TORNTPHARM.NS",0.625,-16922.0043731138,-135376.034984911,23.125,8
"589","SUNTV.NS-TV18BRDCST.NS",0.4,-58032.8784590963,-580328.784590963,45.4,10
"590","SUNTV.NS-ZEEL.NS",0.6,-1095.41265717195,-16431.1898575793,34.9333333333333,15
"591","SUZLON.NS-TATAPOWER.NS",0.642857142857143,-4212.76735660042,-58978.7429924059,26.3571428571429,14
"592","SUZLON.NS-TORNTPOWER.NS",0.692307692307692,-3968.44243659625,-51589.7516757512,23.5384615384615,13
"593","SYNDIBANK.NS-UNIONBANK.NS",0.454545454545455,-19685.1096067474,-216536.205674221,29.3636363636364,11
"594","TATAELXSI.NS-TCS.NS",0.75,11483.118381505,137797.42057806,41.1666666666667,12
"595","TATAELXSI.NS-TECHM.NS",0.25,-64770.2593926221,-259081.037570488,19.75,4
"596","TATAELXSI.NS-WIPRO.NS",0.692307692307692,4521.91562078553,58784.9030702119,13.3076923076923,13
"597","TATAMOTORS.NS-TATAMTRDVR.NS",0.647058823529412,5693.00061118063,96781.0103900708,23.9411764705882,17
"598","TATAPOWER.NS-TORNTPOWER.NS",0.8,4762.61275004017,47626.1275004017,51.4,10
"599","TCS.NS-TECHM.NS",0.545454545454545,-9490.15301266433,-104391.683139308,18.4545454545455,11
"600","TCS.NS-WIPRO.NS",0.689655172413793,11057.5312957475,320668.407576676,21.6206896551724,29
"601","TECHM.NS-WIPRO.NS",0.785714285714286,7140.25788947206,99963.6104526089,11,14
"602","TITAN.NS-VOLTAS.NS",0.666666666666667,1231.22334013126,22162.0201223627,32.0555555555556,18
"603","TV18BRDCST.NS-ZEEL.NS",0.68,10125.6112461896,253140.281154739,20.32,25
