"Index","Open","High","Low","Last","Close","Total Trade Quantity","Turnover (Lacs)"
"2012-09-21",477.8,477.8,465,470,471.95,115603,542.29
"2012-09-24",477.5,483.85,466.65,482.35,479.35,50565,240.07
"2012-09-25",470,493.55,467.75,470,471.1,60029,287.02
"2012-09-26",470,472,452.3,461.5,460.8,90209,416.56
"2012-09-27",461.15,474.75,457.2,459.6,459.55,107062,497.68
"2012-09-28",446,472.7,446,462.3,464.2,79856,373.02
"2012-10-01",463.95,470.55,460.05,462,462.4,34458,160.32
"2012-10-03",463.7,470.8,460.65,469,470.15,52722,245.84
"2012-10-04",474,477.5,468.5,474.95,475.75,45072,213.67
"2012-10-05",467,476.95,467,468.9,471.15,46700,220.58
"2012-10-08",460,473.95,460,471.9,470.45,34960,164.31
"2012-10-09",472.85,473.45,465.25,468.05,468.2,36459,171.07
"2012-10-10",468.75,470.95,458.75,461.65,460.15,52968,246.25
"2012-10-11",461.25,467,454,466,465.25,52638,242.81
"2012-10-12",467.2,472,461.55,467,467.15,41088,191.59
"2012-10-15",464.95,471.9,462.2,465.5,465.1,46611,217.36
"2012-10-16",468.85,470,460.15,468.5,468.15,51153,238.85
"2012-10-17",469.85,477.05,467.25,476.1,473.4,91583,432.68
"2012-10-18",467,476.85,467,470,470.5,65961,310.14
"2012-10-19",472,480,469,478.9,475.6,54034,256.08
"2012-10-22",477,492.75,475,490.45,488.9,109934,532.73
"2012-10-23",495,495,483.1,492.5,489.6,38349,187.5
"2012-10-25",494,494,480,487.7,484.6,210272,1018.77
"2012-10-26",487.5,498,479.5,495.3,495.8,71349,349.77
"2012-10-29",487.15,503.85,487.15,492.25,495,71271,354.13
"2012-10-30",495.1,500,486.45,494.2,497.05,69405,342.27
"2012-10-31",494.45,504.2,490,494.2,496.6,75914,378.38
"2012-11-01",498.95,498.95,486.35,494.25,493,63603,312.92
"2012-11-02",492.1,497.9,489,490.3,493.9,33558,165.48
"2012-11-05",494.05,499.4,475.05,490,488.15,97262,473.23
"2012-11-06",497.4,497.4,477.1,489,490.85,81087,394.51
"2012-11-07",486.05,489.95,478.5,478.5,481.5,84760,409.22
"2012-11-08",489,489,468.55,476.7,476.85,118705,564.47
"2012-11-09",471.55,489.95,465.15,469,468.95,186714,876.26
"2012-11-12",470,476.7,468.1,475.5,474.4,136885,644.1
"2012-11-13",477.9,479.35,475,479,477.3,4542,21.69
"2012-11-15",485,485,467,469.5,468.3,209854,987.25
"2012-11-16",469.1,476,469,474.8,471.45,41432,195.51
"2012-11-19",476,477,472,474.05,474.6,45002,213.52
"2012-11-20",471.15,477,470,473.05,474.6,128557,608.64
"2012-11-21",476.1,484.15,469.55,483.15,483,47921,229.97
"2012-11-22",484.95,484.95,480.05,481.5,480.95,31920,153.57
"2012-11-23",481.15,491.5,479,488.5,488.1,34268,166.2
"2012-11-26",491,496,488.15,492,492.6,101479,499.07
"2012-11-27",491.05,494.9,488.2,490.85,490.8,158688,779.02
"2012-11-29",492,500.5,488.2,500,498.15,214624,1056.39
"2012-11-30",500.9,507.95,492.05,495.5,497.9,275571,1380.72
"2012-12-03",498.35,498.35,484,496.9,495.15,149758,734.39
"2012-12-04",493.95,504.95,490,497.35,500.55,67853,337.54
"2012-12-05",505,508,501.2,506.5,506,55678,281.16
"2012-12-06",508.95,514.95,505.1,514.95,514.4,254230,1301.56
"2012-12-07",514.3,533,508.5,525.25,525.05,344345,1807.71
"2012-12-10",525.95,558,524.95,551,550.2,396056,2161.2
"2012-12-11",553.5,618,542,600.95,601.95,1691737,10170.23
"2012-12-12",609,610,559.3,569.4,569.4,687425,3923.42
"2012-12-13",573.95,589.05,564,575,573.75,250276,1442.32
"2012-12-14",579.65,579.75,550,559,556.85,113235,637.05
"2012-12-17",563.8,564.5,547.35,550,549.85,82323,455.81
"2012-12-18",543,555,533.25,538.05,541,192039,1039.1
"2012-12-19",547.85,575,538.35,569,561.8,304175,1679.26
"2012-12-20",568,578.8,558.1,570,569.5,233373,1323.71
"2012-12-21",569.95,577.85,537.65,542,542.85,319684,1778.94
"2012-12-24",544.25,548,537,544,544.35,188550,1023.46
"2012-12-26",544,562,544,550,549.4,145016,803.34
"2012-12-27",545.2,561.6,545,548.65,548.3,382047,2099.88
"2012-12-28",554.15,554.15,530,540,536.5,65250,354.32
"2012-12-31",537.5,549,516.4,521.2,521.9,88675,466.21
"2013-01-01",524.95,530,518.45,519.75,521.15,38850,204.04
"2013-01-02",522.5,532.5,522.1,526.25,523.65,38193,201.01
"2013-01-03",526.8,543,525,539,539.5,90032,480.62
"2013-01-04",539.5,564.3,529.95,560,561,170646,944.51
"2013-01-07",561,567.8,546.1,547,554.25,80014,446.67
"2013-01-08",546.9,566.7,539,561.35,563.1,142684,798.61
"2013-01-09",560.65,574.35,560.6,570.5,570.45,96950,552.69
"2013-01-10",572.05,578.8,570.3,570.8,571.4,72751,416.8
"2013-01-11",572.05,575,560.15,573.95,572.95,35512,202.77
"2013-01-14",572.95,578,551.55,574,575.2,74041,422.45
"2013-01-15",570.25,576,568,576,571.6,50240,287.07
"2013-01-16",573.4,580,561,569,564.8,29903,169.93
"2013-01-17",570,570.5,555.1,566.15,568.95,22733,128.31
"2013-01-18",572,574,561.2,569,573.75,45396,259.43
"2013-01-21",569.95,574.95,560,564.6,566.7,23585,133.58
"2013-01-22",563.05,570,558,559.2,561.55,12093,68.07
"2013-01-23",562.05,565,546.1,564.45,558.2,32519,180.33
"2013-01-24",556.5,563,547.05,555,555.4,15573,86.28
"2013-01-25",555.45,560,548,548,550.75,276118,1529.4
"2013-01-28",551.15,566,546.65,565.5,561.6,21464,119.57
"2013-01-29",558,569,553.55,569,565.6,19997,112.33
"2013-01-30",569,569.7,556,564,564,234513,1322.51
"2013-01-31",563.6,571,552.75,561.55,566.85,230045,1299.85
"2013-02-01",567.1,568,558.15,562,564.9,47552,267.24
"2013-02-04",569.6,575,555,564,563.75,77781,439.34
"2013-02-05",563.95,564.8,542.65,563.65,559.15,51914,287.43
"2013-02-06",558,565,551.1,553,554.9,13351,74.19
"2013-02-07",553.35,558.95,549.8,554.85,551.4,12233,67.57
"2013-02-08",556.5,556.5,547.05,550.45,550.25,60930,335.28
"2013-02-11",550.4,568,546.15,556.25,559.45,76862,428.98
"2013-02-12",566,570,548.1,548.45,553.75,25409,142.01
"2013-02-13",556.6,567.95,551.2,567,563.05,40115,225.03
"2013-02-14",565.05,571.9,558,565,565.25,64629,364.72
"2013-02-15",568,574,564,571.4,572.2,237850,1349.83
"2013-02-18",563.05,579.8,563.05,575,575.85,196848,1135.37
"2013-02-19",576,578.4,568,568,571.8,7191,41.12
"2013-02-20",569.85,570.3,554.1,558.9,557,51949,289.89
"2013-02-21",569,570,548,565.2,565.4,55442,312.19
"2013-02-22",564.95,579,550.65,572,572.25,55132,311.97
"2013-02-25",572.25,573.9,556.1,572,568.65,181003,1017.17
"2013-02-26",568.65,568.65,550,554.8,561.7,189294,1050.3
"2013-02-27",557.5,567,551.5,560.05,556.2,189400,1061.39
"2013-02-28",556.15,582.7,556,565.2,573.45,237863,1342.86
"2013-03-01",565,567,478,551,555.15,183537,1020.36
"2013-03-04",553.95,560,545,559.3,554.25,87345,482.24
"2013-03-05",570,599,553,588,583.9,128176,735.2
"2013-03-06",580,586.3,563.85,566.4,567.3,77259,438.92
"2013-03-07",567.3,577.85,565.05,571.95,575.05,22181,126.9
"2013-03-08",579.95,582.35,568.35,579.3,578.05,36005,206.93
"2013-03-11",578,580,568.7,577.5,578.75,20195,116.69
"2013-03-12",575.45,578.75,566,573.6,572.1,10643,60.81
"2013-03-13",560,576,560,576,574.65,15794,90.56
"2013-03-14",572.8,584.95,571.15,580.25,581.25,28503,165.43
"2013-03-15",580,590,580,587.7,585.25,32956,192.5
"2013-03-18",574.35,604.8,574.3,598,602.05,69206,412.65
"2013-03-19",599.95,603.9,588.95,599,601.35,70599,422.43
"2013-03-20",589,602,589,596.05,598.55,93319,557.3
"2013-03-21",587,601.9,587,599.4,597.35,45021,269.52
"2013-03-22",581.05,607.3,581.05,599,599.4,73214,439.95
"2013-03-25",601.5,604.9,581.5,590.05,588.45,39556,235.35
"2013-03-26",590.05,604.5,582.25,595,599.7,41354,247.29
"2013-03-28",595,627,593.1,608.65,611.3,102846,630.51
"2013-04-01",610,624,605,606,607.1,17618,107.79
"2013-04-02",607.1,619,591.6,595,597.65,16501,99.49
"2013-04-03",598.95,603.4,598.15,599.05,599.45,33834,202.78
"2013-04-04",599,608.95,588.05,593,593,224923,1336.34
"2013-04-05",596.2,612,585.4,587.3,595.8,89932,536.55
"2013-04-08",595.35,595.35,567,570,574.2,12022,69.83
"2013-04-09",560.25,581.25,560.25,567.1,572.9,29637,170.37
"2013-04-10",573.5,577.95,562.6,570,570.3,24220,138.06
"2013-04-11",570.3,573.85,563,563.2,563.65,49139,278.03
"2013-04-12",563,582.5,558,580.5,573.9,72548,412.52
"2013-04-15",564,576,564,572.1,573.8,16538,94.92
"2013-04-16",574.8,576,566.15,569,573.55,27641,158.55
"2013-04-17",575,578.9,565.1,566,570.65,56198,321.59
"2013-04-18",574.45,574.95,562.7,569.8,569.95,24782,141.18
"2013-04-22",513.6,574.45,513.6,571.5,570.1,47221,268.78
"2013-04-23",573,573,565.15,568.15,569.25,5578,31.73
"2013-04-25",567.15,574.65,567,574,570.5,20941,119.46
"2013-04-26",570.5,571.8,563.1,564.2,567.65,22739,129.33
"2013-04-29",567.9,569.8,561,568,565,141464,799.08
"2013-04-30",564.6,565,555.6,559,561.05,11483,64.41
"2013-05-02",563,572.3,540.25,548,544.55,103124,570.37
"2013-05-03",551,556.2,527,540.5,543.15,45456,245.59
"2013-05-06",531,556,527,555.6,553.4,50201,274.95
"2013-05-07",553.45,571,548,565.05,557.35,55804,310.64
"2013-05-08",558,573,558,571,569.85,63919,361.34
"2013-05-09",565,571.85,562.15,568.2,567,12752,72.45
"2013-05-10",560.1,582.85,560.1,574.25,574.55,47582,273.37
"2013-05-11",575,579.65,572,576.95,574.35,1143,6.57
"2013-05-13",577.1,584.95,567.6,578,578,76999,443.84
"2013-05-14",579,588,576.6,586.8,585.3,61878,360.42
"2013-05-15",585.3,594,582.9,588.2,589.05,129469,764.97
"2013-05-16",589.05,596.95,582.15,590,585.8,225224,1318.38
"2013-05-17",585,585,569,583,583.5,22696,131.78
"2013-05-20",575.25,588.85,570,574.7,577.75,68586,400.86
"2013-05-21",577.75,581.4,563.05,574.9,573.55,19362,110.71
"2013-05-22",570,576.2,562,570.7,565.6,32720,185.07
"2013-05-23",569.25,573.6,553,557.95,555.65,10721,60.33
"2013-05-24",563.9,564.9,556.05,560.95,559,45605,254.58
"2013-05-27",560.1,564.95,548,551.25,552.5,219000,1226.92
"2013-05-28",551.1,561.45,549.35,555,552.1,19400,107.55
"2013-05-29",546,588,546,568,569.95,44376,254.33
"2013-05-30",570,573.75,555.1,557,556.8,327808,1826.17
"2013-05-31",557.1,560,530,531.5,535.45,98020,527.57
"2013-06-03",531.05,539.8,525.25,532.45,531,27472,145.93
"2013-06-04",527.2,553,527.15,541.2,547.5,36854,201.94
"2013-06-05",547.5,560,540.05,560,555.35,26308,145.19
"2013-06-06",562,562,541.5,546,543.7,16323,89.03
"2013-06-07",538.2,557.85,538.2,554,554.2,31935,176.59
"2013-06-10",545.4,557,542,545,545.25,19597,106.88
"2013-06-11",554,554,535.15,540.35,538.65,22200,119.77
"2013-06-12",538.65,552,528,529,533.05,21711,116.38
"2013-06-13",542.7,542.7,518.2,521,522,26654,140.7
"2013-06-14",523,552,523,534,533.95,50973,274.59
"2013-06-17",538.75,542,528,530.85,529.55,10158,54.08
"2013-06-18",535,578.45,530,568.8,560.3,44301,246.13
"2013-06-19",560.35,574,545.55,565.95,556.25,37681,209.32
"2013-06-20",550.15,563.5,535,553,549.95,45886,249.4
"2013-06-21",543.95,550,470,489,510.35,90364,468.18
"2013-06-24",502.8,505,485,486,489.2,175087,858.27
"2013-06-25",478.2,490.25,474.2,477.8,475.6,357555,1744.82
"2013-06-26",475,496.8,475,489,488.85,143815,703.86
"2013-06-27",487.7,519.2,487.7,508,511.2,120239,614.79
"2013-06-28",519.9,593,512.45,568,569.7,232308,1280.02
"2013-07-01",567.35,595,565.65,585,584.6,101421,589.81
"2013-07-02",582.65,600,560,570,568,100461,585.48
"2013-07-03",568,585,557.25,578,575.25,112285,648.65
"2013-07-04",579.9,584.8,570.5,574,576.3,37079,214.89
"2013-07-05",575.1,584.8,575.1,581,582.05,23432,136.21
"2013-07-08",582,584.4,570.6,578,577.3,58682,338.83
"2013-07-09",573.15,582.9,573.15,578,575.55,18339,105.94
"2013-07-10",580.95,582.05,563.55,570,569.9,37549,216.12
"2013-07-11",578.9,585,571,577,578,63404,366.89
"2013-07-12",582,583.9,574.25,578,578.25,47398,273.95
"2013-07-15",567.55,583.7,563.1,578,577.95,51574,296.94
"2013-07-16",578,578,569.4,578,577.6,31191,179.55
"2013-07-17",578,593,562.25,568,570.45,70060,400.75
"2013-07-18",570.5,599.95,570.45,598,586.4,105465,612.98
"2013-07-19",590,603,587.2,602,599.45,60253,360.28
"2013-07-22",599,608.9,591.2,596.95,598.25,35360,213.2
"2013-07-23",598.9,608.15,590.15,604.8,604.75,39804,240.2
"2013-07-24",600,607.8,588.55,600,596.55,45640,273.73
"2013-07-25",599.45,601.45,575,590,588.8,83783,490.88
"2013-07-26",589.15,596,560,560.65,566.5,33120,189.64
"2013-07-29",567,571.9,546.35,547.5,550.3,17078,94.94
"2013-07-30",544.15,549.3,531.2,543,542.7,14242,76.99
"2013-07-31",537.05,568.65,524.25,552,555.8,71417,394.61
"2013-08-01",555.8,566.9,541.5,555,551.6,12095,66.66
"2013-08-02",540.5,569.05,540.5,562,564.85,31830,179.54
"2013-08-05",553.05,582.8,553.05,580.95,579.05,21874,125.3
"2013-08-06",576.35,583.75,564.65,574.1,572.55,46510,266.74
"2013-08-07",570,584.6,566.5,583,580.15,24272,140.16
"2013-08-08",588,590,572.1,585,581.25,20693,120.31
"2013-08-12",590,590,574.05,577.8,577.25,14141,81.92
"2013-08-13",575,591.9,575,590,588.7,22660,132.61
"2013-08-14",580.05,590,579.4,590,588.35,32000,187.54
"2013-08-16",588.3,592,574.5,579.15,581.75,151480,881.77
"2013-08-19",570.65,589,564,570,568.95,15985,91.18
"2013-08-20",568.25,581,565.05,573.25,576.85,74829,430.74
"2013-08-21",576.05,590.9,576.05,588,588.75,515104,3033.63
"2013-08-22",589,589,568.25,571.85,570.95,75744,433.06
"2013-08-23",568.25,573.25,549.05,554,556.7,15250,85.29
"2013-08-26",564,571,557.6,568,568.1,7242,40.92
"2013-08-27",562.1,574,543.3,547,547.25,87412,483.52
"2013-08-28",543.05,558,541.05,555.5,556.25,19389,106.19
"2013-08-29",550.35,567.8,550.3,564,562.1,39352,220.88
"2013-08-30",567.8,649.4,567.8,642,628.55,270899,1665.36
"2013-09-02",619,648.7,611.05,620.8,624.8,99527,628.66
"2013-09-03",625.25,625.25,555,565.7,565,72068,419.93
"2013-09-04",579,595,572.35,588.25,587.95,29593,173.16
"2013-09-05",593.65,600,590.35,599.95,599.05,51182,306.38
"2013-09-06",605,608,590.1,602,601.9,87107,522.98
"2013-09-10",590,610.85,590,609,603.7,155526,938.55
"2013-09-11",596,627.4,596,621.55,625.5,39602,244.87
"2013-09-12",625.5,625.5,600.05,617.15,620.15,20437,125.53
"2013-09-13",616.05,620,602.6,603,605.1,18779,114.08
"2013-09-16",603.05,609.95,580,598,602.65,26211,156.39
"2013-09-17",597.05,597.05,580.15,580.45,584.85,18941,111.5
"2013-09-18",585,593,579.1,582.8,582.25,19025,110.87
"2013-09-19",594,598.7,576.55,586,586.25,48211,285.04
"2013-09-20",583.75,599.85,556.6,565,564,71985,413.88
"2013-09-23",567.45,597.45,566.45,585,588.3,61563,360.08
"2013-09-24",576,589.25,576,584.85,584.2,120563,704.15
"2013-09-25",589.9,600,585.25,591,591.9,144115,852.42
"2013-09-26",592,596,579.3,583.55,580.5,83975,487.57
"2013-09-27",598.95,598.95,571.7,583,581.2,112812,658.92
"2013-09-30",588.35,599.95,576.05,590,592.8,75335,445.98
"2013-10-01",588.95,588.95,577.45,580,580.95,19664,114.57
"2013-10-03",587.15,593.4,566.1,574,569.75,50868,294.58
"2013-10-04",571,586.95,571,578,578.35,19030,110.78
"2013-10-07",578.4,584.9,567.2,571,573.15,7661,44.06
"2013-10-08",573.45,574,561,563.4,562.3,39178,221.54
"2013-10-09",565.05,567,561.1,562,563.55,19721,111.2
"2013-10-10",569.5,573.5,562,565,564.1,53055,300.78
"2013-10-11",573.9,574,562.25,564,564.95,17937,101.62
"2013-10-14",566.05,568.5,559.5,562.9,560.6,14434,81.17
"2013-10-15",560,588,558,580,582.95,58456,336.98
"2013-10-17",586.7,586.7,565.1,570.3,570,62423,355.91
"2013-10-18",566,575.95,566,568.55,570.55,37334,212.98
"2013-10-21",567.05,579.25,566.1,569.9,569.4,21124,120.34
"2013-10-22",570,589.9,570,575,574.75,43074,249.32
"2013-10-23",575,587,575,584,585.25,24272,141.54
"2013-10-24",588,588,569.1,570.1,573.3,22556,129.52
"2013-10-25",569.5,580.95,560,565,564.25,32061,181.84
"2013-10-28",572.95,572.95,557.3,557.7,558.55,25846,144.91
"2013-10-29",566,575,560,568.5,569.6,50551,284.41
"2013-10-30",581.35,589,572,573.15,575.95,55885,322.96
"2013-10-31",580,582.4,558.5,562.8,562.05,73344,414.54
"2013-11-01",561.7,582,561.7,566,567.2,59198,337.36
"2013-11-03",570,577.95,568,569.5,569,5401,30.89
"2013-11-05",573.9,573.9,562,564.5,564.15,80107,451.96
"2013-11-06",565,573.95,558.7,560.85,561.55,27541,155.53
"2013-11-07",560,566,556.85,561,559.85,31020,173.9
"2013-11-08",560.3,564.8,559.05,560.5,560.55,48823,273.67
"2013-11-11",559.65,564.95,559.05,563.1,560.1,38443,215.46
"2013-11-12",561.05,570,550.95,552,554.3,39299,219.81
"2013-11-13",552,567.7,550,559.75,559.85,61718,345.33
"2013-11-14",565,566.9,551.1,554.95,554.05,43819,243.6
"2013-11-18",551.5,564,550.05,550.5,552.3,40875,225.84
"2013-11-19",553,561.95,553,559.2,559,16903,94.53
"2013-11-20",559.95,559.95,549.9,552,552.3,342461,1891.24
"2013-11-21",559.9,559.9,533,535,534.8,34391,186.04
"2013-11-22",544.4,548.7,536.05,546.75,544.9,782573,4268.41
"2013-11-25",548,554.5,544.95,549.55,550.1,12784,70.32
"2013-11-26",545,554.5,475.25,492,486.65,1459410,7410.67
"2013-11-27",505,513.95,492,505.15,507.05,707394,3576.88
"2013-11-28",507.1,516.95,507.1,514,514.65,32423,166.31
"2013-11-29",510.05,523.65,508.05,518.7,519.65,64148,332.41
"2013-12-02",520,527,520,522.9,520.6,25595,133.29
"2013-12-03",522.05,524,521,522.1,523.65,32764,171.22
"2013-12-04",522,526,522,524,524.15,30504,159.76
"2013-12-05",524.15,528.9,522,523.3,522.95,25631,133.94
"2013-12-06",536.9,556.15,527.8,530.15,532.95,103483,556.09
"2013-12-09",550,550,525.2,532.65,535.35,64513,342.99
"2013-12-10",526,550,526,546,544.4,41569,224.68
"2013-12-11",544.4,552,535.25,544.4,544.75,40268,218.91
"2013-12-12",545,551.9,545,549,549.95,66538,365.55
"2013-12-13",546,554,540.25,552,549.8,49551,270.85
"2013-12-16",549.9,549.9,537,539,538.05,27481,148.62
"2013-12-17",538.05,546.7,538.05,540,540.25,37841,204.6
"2013-12-18",541,549.4,538,540,541.4,23705,128.71
"2013-12-19",535,549.8,535,546.4,547.85,31296,170.39
"2013-12-20",548.9,574.8,542.2,560,565.05,95152,529.15
"2013-12-23",572.75,572.75,550.1,552,554.3,35971,201.4
"2013-12-24",556.05,562.95,541.25,547,546.85,17046,93.24
"2013-12-26",549,556,547.15,551,550.7,20130,110.86
"2013-12-27",558.5,562,546,549,548.85,34377,191.4
"2013-12-30",553,558,543,554.3,556,33137,182.9
"2013-12-31",580,603,546.2,547.3,551.7,325862,1866.76
"2014-01-01",552.4,557.95,549.55,551,550.05,239068,1324.97
"2014-01-02",552.95,562,544,546,546.4,39119,216.4
"2014-01-03",548.95,548.95,541,542.5,542.65,34860,189.16
"2014-01-06",547,559,539.25,555,555.4,109237,599.03
"2014-01-07",554.05,563,547.9,555,553.95,55517,308.03
"2014-01-08",554.6,559.4,548.65,550,551.05,49421,272.66
"2014-01-09",549,554.95,546.05,550,550.05,19491,107.19
"2014-01-10",550.7,555.45,543.7,545.25,549.15,47421,261.13
"2014-01-13",550,555.3,545.05,549,549.95,23718,130.41
"2014-01-14",545.5,552,545.5,551.7,550.55,52438,288.63
"2014-01-15",551.25,570,551.25,568,566.65,96781,543.11
"2014-01-16",558.7,566.95,556.5,560,560.05,39369,220.52
"2014-01-17",555.05,562.55,555.05,560,560.25,24628,138.01
"2014-01-20",560.95,565,552.5,557.8,561.6,17751,99.26
"2014-01-21",561.15,561.15,546.3,547.5,547.1,14922,82.03
"2014-01-22",547.55,562.95,547,562,560.9,47680,266.89
"2014-01-23",563,563,546,550,550.1,89593,493
"2014-01-24",550.1,559.9,544,544.5,546.7,266571,1470.41
"2014-01-27",542.15,551.4,541,541.3,547.7,233826,1282.97
"2014-01-28",544,555,521.2,523,524.1,49539,264.81
"2014-01-29",533.75,549.7,526,548,545.55,148256,809.44
"2014-01-30",548.7,555,528,545,545.85,60220,327.9
"2014-01-31",554,561.95,537.05,556.4,555.7,36986,204.74
"2014-02-03",550,559.95,544.05,545,545,73794,405.08
"2014-02-04",549,550,540.15,549.9,545.05,77967,425.17
"2014-02-05",549.9,549.9,541.65,544.7,544.45,14726,80.16
"2014-02-06",544,551.1,542.6,547,546.85,33237,181.86
"2014-02-07",562,567,545.4,549.85,549.65,64801,358.93
"2014-02-10",554,554,541.1,541.5,541.85,9842,53.65
"2014-02-11",549.9,549.9,538.05,539,538.45,157790,852.05
"2014-02-12",543.95,544,526.15,530,529.5,25389,135.07
"2014-02-13",532.95,542.95,528,530,529.45,16644,89.11
"2014-02-14",535.95,536,522,524.6,522.9,18019,94.39
"2014-02-17",527.4,529.75,521.95,522,522.3,19447,101.62
"2014-02-18",524.7,527.95,522,522,522.85,14016,73.34
"2014-02-19",520.05,528.95,520.05,521.95,521.95,30538,159.6
"2014-02-20",521.5,522.3,514.55,515.25,515,36521,188.29
"2014-02-21",519.9,540.2,516.4,536.9,533.6,72437,385.93
"2014-02-24",530.05,533.2,521.05,525.5,524.3,8699,45.81
"2014-02-25",526.25,535,516.6,522.45,518.6,13742,71.5
"2014-02-26",518.6,527.3,514.5,515.1,515.6,48101,248.97
"2014-02-28",505.15,563.4,505.15,555,555.05,247742,1361.17
"2014-03-03",542.5,560.4,532.2,535.85,534.2,23952,130.31
"2014-03-04",534.2,552.85,530,531.5,531.6,26382,140.76
"2014-03-05",538.95,539,530.2,531.6,533.05,35084,187.24
"2014-03-06",535.8,540,525.05,527.9,528.95,40864,217.39
"2014-03-07",534.4,536.45,524,524,525.15,23092,121.83
"2014-03-10",527.05,530,522,525,524.95,33032,173.39
"2014-03-11",525,532.75,514.9,521,521.6,249371,1304.82
"2014-03-12",521,524.5,511.2,512.05,514.65,113890,587.78
"2014-03-13",512.3,526.45,512.05,515,515.2,320535,1672.29
"2014-03-14",511.05,520,506.95,511,511.55,222236,1135.8
"2014-03-18",524,524,511.25,515,517.05,150572,775.92
"2014-03-19",517.8,520,510.5,514,515.2,154089,793.61
"2014-03-20",515.2,522,513.55,516,517.05,245615,1270.05
"2014-03-21",522,523,516.15,520,520.45,398639,2065.36
"2014-03-22",517.05,523,517.05,523,521.95,2906,15.15
"2014-03-24",520.05,530,516,520.05,519.95,38517,200.89
"2014-03-25",522,529.8,520.35,522.5,524.2,31045,163.09
"2014-03-26",525,532,525,528.5,530.05,37561,199.01
"2014-03-27",526.6,532.4,526.6,529.6,529.6,56109,297.17
"2014-03-28",534.4,539.85,528,535.3,536.35,101978,545.46
"2014-03-31",542,555,530,545,548.5,94267,511.17
"2014-04-01",557,557,532.15,548,541.45,87625,473.8
"2014-04-02",544.95,549.9,540,542,542.9,159402,864.61
"2014-04-03",533.05,540.55,530.05,533.1,537.25,89637,477.81
"2014-04-04",540,543.7,527.1,528.05,529.65,59153,314.69
"2014-04-07",532,538,520.3,532,527.75,106974,563.04
"2014-04-09",529,551.9,529,536.1,537.95,1541048,8179.56
"2014-04-10",538.55,575.95,538.55,549.5,553.65,879760,4938.46
"2014-04-11",567.95,597,563.65,587.5,588,496046,2894.5
"2014-04-15",592,595,578.7,590,586.85,156944,924.01
"2014-04-16",589.75,600,583.15,599,597.55,158907,947.16
"2014-04-17",601,625.8,593,604.15,606.2,280123,1694.33
"2014-04-21",608.3,609.9,592,592,595.35,68373,409.64
"2014-04-22",598,598,584,585.3,587.3,43333,254.63
"2014-04-23",583.5,590,580,583,584.15,55865,326.91
"2014-04-25",585,585,573,573.9,575.7,46180,267.08
"2014-04-28",564,578.25,558.9,560,561.25,57758,328.17
"2014-04-29",562.05,573.45,555.15,565,561.8,56531,317.89
"2014-04-30",557.55,565.7,538.05,543.3,540.55,85106,469.93
"2014-05-02",540.05,557.9,540.05,546.05,546.05,64081,350.11
"2014-05-05",541.1,557.65,541.1,553.3,551.6,51127,281.5
"2014-05-06",585.1,598.8,566.2,569,568.75,445733,2595.98
"2014-05-07",565,594,565,580,579.5,702441,4001.05
"2014-05-08",589.4,595,584,588,589.65,93156,547.86
"2014-05-09",587,598,587,594.05,596.4,61791,367.12
"2014-05-12",596.5,605,585,590.05,590.8,35352,209.65
"2014-05-13",588.05,605,587.1,593.3,594.05,56214,334.31
"2014-05-14",603.95,603.95,585.7,599.75,597.45,34100,202.7
"2014-05-15",594.2,599,587,599,596.6,42831,254.11
"2014-05-16",591.25,607,587.5,594,596,46424,275.77
"2014-05-19",595.35,598.05,582.15,594.2,594.65,81733,485.4
"2014-05-20",593.1,610.95,590.9,604,606.95,104212,628.45
"2014-05-21",607,615,600.7,610,614.15,67880,413.51
"2014-05-22",610,625,610,625,624.65,91387,565.88
"2014-05-23",625.15,644,624.05,639,639.1,82738,524.54
"2014-05-26",644,649.95,615.05,625,623.65,76475,489.41
"2014-05-27",623,624.05,605,610,611.25,33414,204.32
"2014-05-28",624.5,626.65,611.05,614.45,613.55,41924,258.24
"2014-05-29",613.05,639.95,607,633,632.6,58346,365.41
"2014-05-30",628.5,699,622,680,676.05,186575,1235.47
"2014-06-02",675,719.3,675,695,697.15,129172,903.89
"2014-06-03",692.05,709.95,610,700,699,51877,360.42
"2014-06-04",692,705,692,697.1,700,47734,333.51
"2014-06-05",700,711.85,694.25,711.5,710.2,107783,759.32
"2014-06-06",715,724,699.9,706,715.55,103647,742.29
"2014-06-09",718,726.4,710,712,715.95,30250,217.49
"2014-06-10",716.8,718.85,705,709.6,711.4,51531,366.13
"2014-06-11",717.8,717.8,695.75,701,705,42918,302.51
"2014-06-12",698.2,715,695.1,703.45,703.9,144727,1017.91
"2014-06-13",699.15,707.15,687.55,692.25,696.65,44915,313.24
"2014-06-16",690.1,698.9,688,689.5,691.3,35501,245.48
"2014-06-17",685.1,700,685.1,696,694.6,55873,388.39
"2014-06-18",695.05,741.8,695.05,724.4,728.7,129914,940.18
"2014-06-19",734,737,714,720,721,145547,1047.58
"2014-06-20",722,735,708.7,719,719.5,156575,1125.55
"2014-06-23",716.2,720.2,702,707.8,712.6,76513,543.74
"2014-06-24",707.5,721.15,689,694,694.15,156643,1099.48
"2014-06-25",690.5,707.6,685,687.1,686.85,71285,492.18
"2014-06-26",683,697.4,678.1,689.2,689.45,102847,705.32
"2014-06-27",686.05,696,680.05,689.9,689.7,105486,724.69
"2014-06-30",690.6,700.1,690.6,691,693.15,63425,440.74
"2014-07-01",691.3,704.9,687,697.9,697.45,121007,842.94
"2014-07-02",698,705,689,695.05,695.65,115993,809.88
"2014-07-03",696.05,700.9,690.5,693.75,694.45,54921,382.01
"2014-07-04",688.05,699.4,688.05,691,692.35,143102,992.19
"2014-07-07",695.05,723.3,691.05,700,700,352905,2473.73
"2014-07-08",705.5,720,701,704.95,706.05,77020,547.3
"2014-07-09",706,711.9,697,698.5,699.75,54095,380.22
"2014-07-10",705,718,693,696.95,697.35,86626,605.86
"2014-07-11",709.8,712,693.1,699,695.95,60742,427.46
"2014-07-14",700,707.25,692.55,700.6,698.85,79654,557.41
"2014-07-15",649.95,649.95,630.1,631,632.35,145418,932.34
"2014-07-16",632.5,653.9,632.5,647.6,647.15,157716,1016.34
"2014-07-17",642,655,640,644.1,645.9,40105,259.28
"2014-07-18",647,647,638,640.05,641.8,18665,119.73
"2014-07-21",635.55,646.7,629.3,634.5,632.9,49924,318.24
"2014-07-22",628.05,644.9,628.05,630.5,631.05,30320,192.48
"2014-07-23",631.05,639.75,626.1,633,632.8,37373,236.61
"2014-07-24",639.3,645.8,627.3,637,638.2,51849,331.43
"2014-07-25",638.9,645,616,622.5,623.35,49904,311.91
"2014-07-28",620,638.4,620,634.75,634.15,25044,158.25
"2014-07-30",640,644.8,635.6,640,639.5,73766,471.31
"2014-07-31",639.5,653,639.5,648.8,649.2,79275,514.05
"2014-08-01",643,660,641.5,651.05,652.05,62653,409.37
"2014-08-04",653,659,645.5,652.9,653.15,34006,222.29
"2014-08-05",649.5,652.8,640.1,643,643.65,24424,157.16
"2014-08-06",641.2,709,641.2,664.25,670.65,488876,3325.12
"2014-08-07",673,674,652.05,656.35,657.5,58531,386.57
"2014-08-08",659,669.9,646.05,657,653.65,71698,472.24
"2014-08-11",657,665,654.25,660.1,661.35,23694,156.33
"2014-08-12",661.3,661.4,651,651,651.8,65828,430.09
"2014-08-13",659.5,710,654,668.1,677,777333,5223.74
"2014-08-14",668,678.6,661.1,670,669.45,71802,481.85
"2014-08-18",672,694,665.05,693.5,690.9,50109,343.69
"2014-08-19",696.9,705,683.7,702,701,56963,397.77
"2014-08-20",704.95,720,697.3,718,717.2,170207,1216.63
"2014-08-21",720,729,712.1,716.05,718.85,66034,475.07
"2014-08-22",720.15,723.8,711,715.6,716.6,38641,276.65
"2014-08-25",718,731,701.3,707,705.75,58388,416.21
"2014-08-26",707,707,691.3,698.8,698.95,79781,559.54
"2014-08-27",701.8,704.3,675.15,682,680.1,56948,392.92
"2014-08-28",680.25,710,675.1,684.2,689.15,144189,995.71
"2014-09-01",699.75,706.9,688.5,698.8,698,50702,352.83
"2014-09-02",703.6,704,675.4,677,677,304069,2094.65
"2014-09-03",681,720,681,719.95,716.4,178455,1263.72
"2014-09-04",717.8,747.9,713.3,724,724.85,111906,815.23
"2014-09-05",726.3,742,719.8,740.35,737.8,50985,373.07
"2014-09-08",739.3,746.95,726.8,744,743.5,40019,295.98
"2014-09-09",749.7,760,734.5,758.9,755.2,59733,448.49
"2014-09-10",759.95,768,736.3,736.55,741.5,32895,247.35
"2014-09-11",741.5,748.8,733.15,744.7,742.2,24728,183.13
"2014-09-12",742,754.85,737,750.6,742.05,19632,146.29
"2014-09-15",749.9,749.9,726,748.7,743.3,26394,195.99
"2014-09-16",748.7,839.9,740,763.4,767.4,414917,3335.23
"2014-09-17",777,794.3,771,789,786.1,116719,912.38
"2014-09-18",784,802,781.25,788.2,789.25,87008,688.67
"2014-09-19",787,814.8,765,766.1,769.25,199340,1568.22
"2014-09-22",779.9,782.6,755,759,762,30253,231.47
"2014-09-23",767,806.7,756,767,766.45,95233,741.1
"2014-09-24",774.65,810,760,807,799.55,81806,645.66
"2014-09-25",803,811.95,777.4,779,786.9,120867,965.89
"2014-09-26",778.9,779.85,746.05,753,754.05,70782,539.06
"2014-09-29",760,774,757,762.1,768.4,50306,384.5
"2014-09-30",780,782.95,755,762,766.45,60715,468.1
"2014-10-01",758.8,779.9,750.2,752,752.7,66509,504.92
"2014-10-07",750.1,756.2,720.5,735,732.8,102885,759.91
"2014-10-08",736,747.95,696.2,700.75,701.5,74143,529.11
"2014-10-09",702.05,730,696.6,715,713.65,99163,704.67
"2014-10-10",706.45,726,701,713,709.7,48413,344.42
"2014-10-13",712,722.75,701.2,709.1,709.9,30594,217.7
"2014-10-14",705.5,723.7,700,702.05,707.35,78160,558.23
"2014-10-16",701.2,705.2,674.3,679,675.6,85710,588.35
"2014-10-17",678.25,688.4,664.2,678.6,674.95,81622,551.46
"2014-10-20",678.55,692,678.55,684,683,165693,1131.67
"2014-10-21",692,692,684.25,692,689.6,31186,214.93
"2014-10-22",685.5,690,675,688,684.55,40577,276.7
"2014-10-23",690.05,700,690,697.95,697.3,9489,65.97
"2014-10-27",697.05,755,697.05,740.3,745.95,164533,1212.03
"2014-10-28",742,750,732.05,736.35,737.15,32441,240.17
"2014-10-29",741.05,774.95,741.05,770.2,769.6,62515,474.84
"2014-10-30",765.05,791.9,712.25,777.8,786.15,72574,560.54
"2014-10-31",789.85,811,773.75,806,806.45,72172,576.89
"2014-11-03",792.05,820,776,806,800.6,40584,321.3
"2014-11-05",796.3,810,793.55,795,800.15,247469,1972.16
"2014-11-07",804.75,814,794.15,809,809.25,41847,336.51
"2014-11-10",803.9,817.5,796.25,817,813.25,48052,387.61
"2014-11-11",813,820,800.1,803.8,803.85,38381,309.99
"2014-11-12",815,863.85,805.8,838,842.8,209026,1759.78
"2014-11-13",838,844,808.8,815,817.3,39449,323.9
"2014-11-14",816.55,825,805.2,809.55,813.15,27848,227.24
"2014-11-17",814,830.35,804.5,811,813.75,48697,395.77
"2014-11-18",820.15,829.9,806.6,813,812.5,669909,5448.6
"2014-11-19",817.7,844.9,811.6,835,833,64055,534.12
"2014-11-20",844,855,816,854,845.1,43372,363.95
"2014-11-21",845.35,859,840.2,845,844.1,31449,266.56
"2014-11-24",849.3,860,827.6,860,848.05,38962,328.22
"2014-11-25",846.05,868,821.8,827.8,827.2,647295,5466.72
"2014-11-26",826.6,838.9,802,806,810.2,43787,357.84
"2014-11-27",812,818.9,804,809,809.45,27889,225.93
"2014-11-28",814,817.25,801,815,809.65,538150,4357.99
"2014-12-01",810,819.95,780,782,788.75,42613,339.25
"2014-12-02",792,811.8,784.05,804,801.95,20810,165.74
"2014-12-03",801.05,839,799.1,825,827.05,45021,369.93
"2014-12-04",830,843.8,815,835.4,833.15,31760,263.71
"2014-12-05",822,853,815.05,832.5,838.35,34522,290.66
"2014-12-08",835,859.95,828.55,836.6,839.25,54944,464.86
"2014-12-09",838.95,838.95,805.05,810,808.4,35904,291.87
"2014-12-10",813.9,844.5,802.5,840,837.75,46398,385.02
"2014-12-11",825,838.35,790,797.8,797.9,62445,501.61
"2014-12-12",803,822,791.15,797,794.95,54981,444.58
"2014-12-15",795,800.15,789.5,794,794.15,28278,224.63
"2014-12-16",790.1,796,779.5,788,781.05,53623,419.25
"2014-12-17",776.05,788.75,749.6,779.95,777.55,206647,1601.25
"2014-12-18",774,803.95,774,793.6,795.05,21641,171.84
"2014-12-19",791,834.85,791,801,805.1,96504,788.32
"2014-12-22",803.25,819.5,791.4,813.1,812.35,28753,232.29
"2014-12-23",807,817.85,798.5,806.6,805.4,18205,146.5
"2014-12-24",808,820,803,815.25,811.6,43712,354.42
"2014-12-26",817,817,805.25,810,809.65,16900,136.91
"2014-12-29",804.05,814.25,804.05,813,810.25,43326,350.96
"2014-12-30",804,825.9,804,819,819.75,21685,177.54
"2014-12-31",826.9,835.7,810.65,834.2,833.7,33582,277.45
"2015-01-01",832.6,839.8,825.5,828.65,832.8,12832,106.65
"2015-01-02",831.95,847.25,831.95,839,839.5,25538,214.54
"2015-01-05",839.6,844.5,830,840,838.1,20273,169.57
"2015-01-06",834.8,836,814.85,830.15,827.2,32528,267.77
"2015-01-07",819.6,838.85,819.6,828.05,835.25,19922,165.99
"2015-01-08",840.6,844.5,826,842,840.4,22297,186.33
"2015-01-09",844.5,844.5,834.75,840,842.05,12514,105.08
"2015-01-12",840.55,840.55,829.5,832,831.75,10811,90.06
"2015-01-13",844.5,845,828,840,840.35,39681,333.25
"2015-01-14",842,875,831,832.7,836.9,70590,602.75
"2015-01-15",854.95,854.95,822.35,831,831.65,34267,285.01
"2015-01-16",854.85,864.9,842.65,848.45,848.7,119997,1022.77
"2015-01-19",857,862.65,841.3,847.3,845.35,29025,246.87
"2015-01-20",848,854.45,831.7,833,834.4,44577,372.7
"2015-01-21",837,847.7,831,834.15,833.25,28284,235.8
"2015-01-22",834,851,826.6,830,829.65,43382,361.65
"2015-01-23",832.95,849.95,829.2,838,834.95,61040,510.42
"2015-01-27",835.4,850,832,843,835.35,248162,2074.74
"2015-01-28",841.35,854,841.35,842.45,846.6,115215,977.22
"2015-01-29",844.75,849.95,835,836.05,836.55,246575,2062.23
"2015-01-30",836.55,840,828.95,836,833.85,73962,617.75
"2015-02-02",833.25,854,833.25,837,836.85,54365,456.18
"2015-02-03",836,843.9,823.7,827,829.15,226306,1889.02
"2015-02-04",827.05,835.4,827.05,830,829.05,18602,154.36
"2015-02-05",831.85,850.7,830.75,837,837.85,246579,2065.75
"2015-02-06",837.55,854,830.1,831.1,833.85,45731,386.06
"2015-02-09",837,862,820.95,850,849.65,112781,956.36
"2015-02-10",856,857,825,825.05,828.25,37202,310.46
"2015-02-11",830,849.4,827,845,840.45,28424,238.26
"2015-02-12",843,843,829,833,833.1,23647,197.04
"2015-02-13",833.25,865.45,833,862,857.3,44344,377.38
"2015-02-16",860,870,841,858,849.05,36066,308.67
"2015-02-18",852,865,849.6,862,862.4,27290,234.8
"2015-02-19",865,875,859,861,863.15,18786,162.37
"2015-02-20",866,868,855,867,866.4,15041,129.91
"2015-02-23",869,948,863,901.2,906,381104,3489.28
"2015-02-24",912.85,918.95,871.6,885,880.85,246606,2177.38
"2015-02-25",884,911.95,877.5,884.9,884.8,561274,4951.58
"2015-02-26",885.5,921,867.95,914.95,910.6,62060,558.76
"2015-02-27",913,915,885.75,903,906.35,114216,1030.09
"2015-02-28",909.7,913,883,886.05,890.45,21946,196.77
"2015-03-02",890.5,901.75,880.15,890,889.9,75374,670.71
"2015-03-03",882,909.5,882,899,898.8,58025,522.3
"2015-03-04",900.15,910.4,882.5,892,891.55,29137,261.41
"2015-03-05",894.95,917.35,884.05,913,910.95,39660,357.95
"2015-03-09",908,908,876.05,880,881.75,49173,435.06
"2015-03-10",884,889.9,852.4,853.05,857.25,52709,456.22
"2015-03-11",857.25,864.4,835,840,838.7,56988,481.9
"2015-03-12",842,860,840.35,853.4,851.2,45646,389.05
"2015-03-13",854,856.05,833,853.75,851.25,179568,1517.12
"2015-03-16",854,855,831,834,834.25,284957,2422.7
"2015-03-17",840,899,838.8,888,884.05,223839,1926
"2015-03-18",898.95,918,866,870.2,877.65,101184,908
"2015-03-19",888,890,876.05,876.5,879.45,60660,534.79
"2015-03-20",875.85,899,858.55,882.5,888.95,104305,921.73
"2015-03-23",890,890,860,862,862.6,37464,325.16
"2015-03-24",877,877,852.25,853.95,854.3,86514,740.3
"2015-03-25",862.7,877,854,860.2,861,300241,2574.59
"2015-03-26",855,870,846.4,858,858.05,59579,512.64
"2015-03-27",860,864.5,840.5,858,858.95,86742,741.04
"2015-03-30",860,872.9,854.5,859.2,866.25,42308,364.66
"2015-03-31",857.05,880,857.05,873,870.95,184164,1602.81
"2015-04-01",876,885.8,869,878,878.55,259503,2282.71
"2015-04-06",880,904,875,884.95,884.75,53829,477.67
"2015-04-07",886.05,904,875,899,900.6,54625,489.52
"2015-04-08",900,911.5,891,902,901,74477,671.03
"2015-04-09",909.85,918,883.1,915,913.65,72302,657.47
"2015-04-10",919,941.5,904.55,915.5,921.35,124414,1145.33
"2015-04-13",922,994,916.25,993,980.75,152715,1473.9
"2015-04-15",987,1013.85,960,970,967.25,149105,1464.9
"2015-04-16",967.25,983,954.1,967.5,971.05,73485,711.34
"2015-04-17",976.25,979,925,941,943.45,48116,459.23
"2015-04-20",940,964,933.85,946,945.25,47161,446.21
"2015-04-21",958,958,932.05,940.4,940.4,101684,959.66
"2015-04-22",940.4,950,936.5,941.55,945,53681,506.88
"2015-04-23",958,967.8,930.3,957,955.15,34660,329.68
"2015-04-24",945,962.75,940,945.1,949.95,29096,276.87
"2015-04-27",959,959,925.65,930,935.35,50730,474.32
"2015-04-28",949.9,990,921.8,982.8,980.6,57196,550.53
"2015-04-29",967.05,987.95,945.05,956.9,952.9,69424,661.23
"2015-04-30",970,970,928.5,953,938.1,104450,980.58
"2015-05-04",937.8,951.7,927.2,945.5,944,40463,381.58
"2015-05-05",938,990,931.6,987,982.2,65783,639.65
"2015-05-06",967,991.95,941,957,956.55,55990,535.58
"2015-05-07",961.65,963.75,941,956,953.4,67985,646.73
"2015-05-08",985,999.95,957,974.95,978.7,159084,1557.61
"2015-05-11",978.7,1019.95,953.7,1005,1013.2,140557,1400.67
"2015-05-12",1019,1019,975,975,984.75,70995,702.98
"2015-05-13",996,996,957.2,960.25,962.25,71777,696.34
"2015-05-14",969.9,994,964.2,993,987.4,27657,271.51
"2015-05-15",988.1,1008.15,980,999,1002.9,57110,569.01
"2015-05-18",1009,1019.9,990,1019.7,1014.75,39534,400.05
"2015-05-19",1005,1039.95,1005,1036,1035.1,63830,658.13
"2015-05-20",1040,1044.5,1010,1010,1023.95,81991,844.42
"2015-05-21",1015,1019.85,992.05,1003,1001.7,36246,363.51
"2015-05-22",1017.8,1017.95,981,984,988.3,61163,606.75
"2015-05-25",983.6,1005,983.6,985,991.5,30571,303.1
"2015-05-26",998,998.3,975.1,990,994.3,63441,628.57
"2015-05-27",999.9,999.9,977,986,992.05,91914,905.76
"2015-05-28",1017.95,1017.95,975.05,994,994.9,93075,922.48
"2015-05-29",1006.9,1006.9,915,918,934.45,371148,3539.38
"2015-06-01",928,959.7,911.6,949,953.8,87740,825.88
"2015-06-02",947,965,943,954,953.4,78575,749.94
"2015-06-03",964.95,967,945,964.9,962.25,40365,385.13
"2015-06-04",952.5,979.7,952.5,975,976.15,52631,512.51
"2015-06-05",980.1,988,971.55,987,985.35,54602,536.08
"2015-06-08",966.05,984.65,955,965,960,37073,358.28
"2015-06-09",958,966,955.1,958,961.2,22287,214.26
"2015-06-10",965,969.95,958,963,962.95,58496,563.69
"2015-06-11",982.95,982.95,935.6,944,944.7,61650,586.31
"2015-06-12",949.95,962.9,932,943.9,937.95,45079,426.28
"2015-06-15",932,947,928,934,933.05,51549,482.34
"2015-06-16",945.4,945.4,922.2,928,927.2,38051,353.66
"2015-06-17",923,944.95,923,940,940,85353,802.42
"2015-06-18",945.95,964,935.55,962,955.35,107373,1018.54
"2015-06-19",962,979,919.5,920,927.55,146214,1374.48
"2015-06-22",932,939.5,925.05,930,929.75,41343,384.53
"2015-06-23",931,939.35,920.5,922.1,926.7,28788,267.24
"2015-06-24",938.5,938.5,920,920,921.6,28674,265.02
"2015-06-25",934.8,949,922.45,931.5,937.7,74850,700.49
"2015-06-26",922.15,944.35,922.15,926.7,930.8,32218,301.47
"2015-06-29",939.8,939.8,921.05,927.1,931.55,32916,306.96
"2015-06-30",939.7,939.7,922.8,926,928.05,68170,634.58
"2015-07-01",932.9,943.95,929,929.95,932.1,54452,509.55
"2015-07-02",938.95,970,937.1,950,955.55,111642,1070.86
"2015-07-03",954.4,969.9,954.4,969,966.05,42518,410.83
"2015-07-06",951,970,951,970,963.55,23674,227.36
"2015-07-07",978,983.9,960.25,963.05,971.55,29388,286.23
"2015-07-08",987,987,970.1,972,975.05,141404,1379.97
"2015-07-09",983,985.05,940,958.5,951.1,40041,383.93
"2015-07-10",965,970.9,923,940,940.55,110389,1032.76
"2015-07-13",953.25,964.1,940.05,950,953.8,38999,370.38
"2015-07-14",964,975,953.1,973,971.8,41801,404.14
"2015-07-15",963.5,993.9,963.5,975,975.25,93804,918.28
"2015-07-16",977.3,994,971,971.65,972.95,55855,548.76
"2015-07-17",970.05,994.9,970.05,975,975.65,72425,712.78
"2015-07-20",984.95,989.45,967.65,975,973.95,31197,304.13
"2015-07-21",987,987,956.6,958.95,959.85,37658,364.06
"2015-07-22",963,968.95,936.6,938,939.4,76503,722.73
"2015-07-23",946.4,946.4,930,938,933.75,52829,494.5
"2015-07-24",940,963,924.05,928.95,927.45,98674,928.12
"2015-07-27",943.35,943.35,920,923.85,923.4,49954,464.16
"2015-07-28",918,923.8,880.1,892,888.9,100144,900.5
"2015-07-29",901.2,936,900.45,930,928.65,175253,1613.33
"2015-07-30",934.95,938.5,891,903.9,901.65,99422,913.24
"2015-07-31",911.65,923.5,905,916.1,920.2,97729,896.79
"2015-08-03",925,925,895.1,900.9,901.05,76138,689.86
"2015-08-04",919,919.95,890,908,905.15,102766,928.48
"2015-08-05",915,951.2,910,946,944.05,182546,1692.37
"2015-08-06",940,960,925.1,931,934.15,175867,1654.5
"2015-08-07",940,948.9,927,935,936.4,151215,1415.65
"2015-08-10",949,955.9,930,932.05,936.75,44800,421.48
"2015-08-11",936,939.8,907,918,914.4,811084,7461.59
"2015-08-12",913.85,922.95,901,901.85,903.1,53101,481.86
"2015-08-13",912.25,937.45,905,936.9,925.4,82590,758.55
"2015-08-14",948,948,916,918.7,921.35,41519,387
"2015-08-17",922,935,907.65,935,930.25,31103,286.77
"2015-08-18",939.9,943.9,929.1,931.05,932.7,40560,379.13
"2015-08-19",939.9,947.5,918.95,923,924.2,85350,797.22
"2015-08-20",928,930.15,900,905,901.75,66106,603.91
"2015-08-21",902,930,897.55,921.85,924.15,79956,734.25
"2015-08-24",917.1,917.1,865,871,870.35,76440,681
"2015-08-25",886,910.05,862.05,872,874.6,132528,1173.06
"2015-08-26",892,899.95,866.8,871,874.9,87591,775.32
"2015-08-27",896,905,882.9,903,893.25,141740,1269.04
"2015-08-28",902.8,939,902.8,928.55,932.25,148802,1368
"2015-08-31",929.9,990.7,929.8,979,973.85,251651,2434.96
"2015-09-01",968,977,935.05,935.55,936.65,96112,913.82
"2015-09-02",937.4,946.95,885.05,890,893.8,150837,1377.4
"2015-09-03",894.95,908,881.5,885.8,885.8,136157,1214.88
"2015-09-04",884.9,903.5,870,880,877.35,93497,825.6
"2015-09-07",888,896.95,852.65,857,858.4,48545,419.42
"2015-09-08",858,863.9,826,846.1,848.8,48401,411.07
"2015-09-09",854,869.35,845.1,848,852.75,72864,621.63
"2015-09-10",860,878,857,862.15,866.6,117972,1021.42
"2015-09-11",868.7,874.95,842.9,847.5,848.15,55511,472.57
"2015-09-14",862.95,865.75,841.6,846.65,846.85,41564,354.09
"2015-09-15",854,854,835.25,847,846.4,61168,515.16
"2015-09-16",846.7,860,833,837,839.25,56987,479.48
"2015-09-18",835,849,804,812,814.6,157187,1298.53
"2015-09-21",823.95,833,808.05,826,827.15,109122,895.85
"2015-09-22",839,854,831.15,841.15,843.85,71981,608.95
"2015-09-23",843,850,833,840,840.15,70931,595.89
"2015-09-24",849,872.6,840,858.05,859.2,110813,952.86
"2015-09-28",860,874,853,867,868.6,59297,513.68
"2015-09-29",857.7,869.9,844.4,845,851.15,54295,465.73
"2015-09-30",864.5,882.95,852,867.25,869.95,91120,792.24
"2015-10-01",877.95,897.2,875,890,889.6,68494,610
"2015-10-05",892.5,919.95,892.5,915,916.2,66095,600.78
"2015-10-06",911,932,876.05,886,893.2,75950,687.75
"2015-10-07",899.8,924,872.1,919.75,917.75,87200,789.7
"2015-10-08",918,920.25,902.75,907.35,910.8,24309,221.46
"2015-10-09",910,938.5,909.95,925,922.55,617771,5641.35
"2015-10-12",922.55,930.9,903.25,930,928.1,39967,368.5
"2015-10-13",924,961,919,955,950.5,66547,628.27
"2015-10-14",950,959.7,923.7,951,949.8,65833,621.46
"2015-10-15",948,958,915.25,921,923.45,43622,405.57
"2015-10-16",923,939,923,935,934.5,13916,129.77
"2015-10-19",934.95,956.4,928,950,953.85,61040,579.65
"2015-10-20",954.85,954.85,930,941,939.95,59775,561.5
"2015-10-21",930,949.8,930,933,935.6,28854,271.74
"2015-10-23",944.9,1009.25,943.1,983,985.4,513761,5068.03
"2015-10-26",992.9,1004,976,997,997.85,93110,924.96
"2015-10-27",990.1,994.9,965.8,990,986.4,76317,748.61
"2015-10-28",970.5,1008.4,969.5,984,991.3,104614,1029.07
"2015-10-29",985.5,993.8,955,960,961.95,274262,2645.09
"2015-10-30",968.65,978.85,927,939,934.95,84208,799.25
"2015-11-02",949.45,1004.9,935,993.15,991.1,214893,2114.51
"2015-11-03",1005,1029.05,990.5,995.1,997.7,209072,2112.29
"2015-11-04",1007,1008.4,986,991.9,991.3,38868,386.76
"2015-11-05",995,999.95,961.3,963.25,972.45,72962,716.88
"2015-11-06",982.8,1017,973.05,1013.95,1008.3,97500,971.29
"2015-11-09",972,1016,972,992,989.7,56074,558.27
"2015-11-10",993,1003.45,972.2,980,976.95,50122,494.65
"2015-11-11",995,1002,984.15,1001,998.45,12782,127.6
"2015-11-13",980.6,993,976.35,986,985.75,100420,990.28
"2015-11-16",986,986,953.2,960,957.95,126359,1219.45
"2015-11-17",962,1013.6,962,994,996.65,121920,1216.54
"2015-11-18",993.65,999.95,978,993,994.9,34702,344.23
"2015-11-19",999.65,1005,986.4,997.1,997.6,100105,1000.76
"2015-11-20",998.3,999.9,985.3,990,990,173107,1713.8
"2015-11-23",995.6,995.8,975.5,978.1,981.8,32191,317.3
"2015-11-24",983.75,990,975.1,979,983.2,67880,665.34
"2015-11-26",974.05,994,974.05,977,980.9,69673,684.16
"2015-11-27",980,990.95,959,966,966.3,123139,1192.73
"2015-11-30",967.05,972.85,933.1,950.05,943.1,323157,3050.84
"2015-12-01",954.9,986.8,954.9,976.05,981.05,100328,977.27
"2015-12-02",976.35,982.05,967.1,967.25,969.45,134080,1304.21
"2015-12-03",970,978.45,956.25,958.1,960.2,141763,1377.21
"2015-12-04",959.95,959.95,936.55,948.3,948.1,126318,1191.49
"2015-12-07",948.1,970,948.1,960,960.8,123144,1181.69
"2015-12-08",961.85,961.85,935.5,937,939.6,39900,376.69
"2015-12-09",940,945.95,918.05,930,925.05,52301,486.15
"2015-12-10",930,946.95,912.1,927,917.65,80937,745.64
"2015-12-11",924,931,915.1,930,920.25,153305,1414.06
"2015-12-14",941,941,925,930.95,931.05,53390,497.13
"2015-12-15",935.05,945.85,932,941,942.1,107565,1012.97
"2015-12-16",948.4,948.4,931,934.8,932.7,36547,342.5
"2015-12-17",942,946,931.25,940,940,57137,537.21
"2015-12-18",943.5,948,931.4,934,939.35,186531,1752.32
"2015-12-21",939,944.45,930,938,939.65,25829,242.85
"2015-12-22",931,951,931,945.1,942.35,39209,369.26
"2015-12-23",954,960.25,945.05,948,952,54448,518.88
"2015-12-24",955,990,950.05,968.9,968.9,135435,1306.01
"2015-12-28",970,973.2,954.85,970,968.6,39434,380.76
"2015-12-29",966,990.05,966,986.05,987.6,67513,665.85
"2015-12-30",987.25,999.95,984,993,988.2,52671,522.81
"2015-12-31",996.45,1010,989,1006.15,1004.35,39010,390.4
"2016-01-01",1018.5,1030,1005,1010,1010,67558,686.42
"2016-01-04",1016,1026.9,983,994,989.2,52548,524.82
"2016-01-05",991.2,1007,980,984.9,985.75,45072,445.13
"2016-01-06",997,1012.9,976.5,986.9,990.9,633293,6221.61
"2016-01-07",983.35,999.75,963,968.1,967.6,48634,476.3
"2016-01-08",978,984.4,972,979,979.4,64674,632.33
"2016-01-11",982,986.95,946.25,950,954.3,51423,495
"2016-01-12",959,959,925.5,930,932,43674,410.18
"2016-01-13",941.45,952,925,945.1,945.7,390396,3633.57
"2016-01-14",944.95,948.45,921.2,934,939.35,54018,506.46
"2016-01-15",934.95,948,906,910.75,911.05,29783,274.45
"2016-01-18",911.05,920.95,882.05,884,885.45,58408,521.33
"2016-01-19",895.85,905,888.8,890.5,895.3,19288,172.75
"2016-01-20",900,905,879.05,893,892.4,54735,489.32
"2016-01-21",900,923.85,870,891,891.45,322436,2829.08
"2016-01-22",899.85,921,891.05,910,910.8,61446,560.99
"2016-01-25",906.9,947.9,906.9,944.95,942.8,94651,889
"2016-01-27",949.9,987.8,949.9,980,972.8,128828,1257.33
"2016-01-28",967.15,986,920.5,978,966.25,464140,4416.81
"2016-01-29",983,1009.95,969.55,995,993.55,202373,2008.66
"2016-02-01",1000.15,1009.9,975.05,983.3,989.05,42912,425.69
"2016-02-02",985,995,951,960,954.25,58141,561.6
"2016-02-03",951,960,911.65,915,923.2,65410,613.85
"2016-02-04",930,943,916,924.05,924.9,65126,603.99
"2016-02-05",933,983,922.55,972.2,974.65,57276,542.27
"2016-02-08",979.7,988,944.6,949.65,949.2,188189,1803.29
"2016-02-09",950.5,969.95,923.5,960,960.85,574453,5338.21
"2016-02-10",960.85,975,941,950,944.1,45258,430.8
"2016-02-11",952.9,955.9,929,939.95,935.05,48547,457.73
"2016-02-12",949.85,959.9,922,948,953.6,61249,577.35
"2016-02-15",957.2,989,957.2,983,985.85,36732,359.16
"2016-02-16",980.4,988.95,931.6,935,939.15,120162,1134.86
"2016-02-17",933.25,939,899.35,917,912.5,120489,1099.36
"2016-02-18",917.05,942,917.05,932.2,935,52667,492.67
"2016-02-19",935.9,939.85,910,922,922.1,179234,1651.57
"2016-02-22",924,939.95,923.15,935,926.25,29466,274.02
"2016-02-23",923,933.4,886,887.1,887.75,115181,1034.55
"2016-02-24",888.15,909,881,899,899.3,91746,826.78
"2016-02-25",900,909,861,870,868.35,124906,1090.66
"2016-02-26",873.15,897,873.15,885.1,885.05,88348,782.02
"2016-02-29",893.95,928.65,876,910.3,908.1,124521,1125.76
"2016-03-01",908,925,880.25,886.35,883.8,164905,1466.47
"2016-03-02",899,904.5,884.95,889.75,889.75,597222,5292.13
"2016-03-03",899,909,832.25,895,889.5,1193503,10437.14
"2016-03-04",890.5,909,885,897,898.8,71063,639.22
"2016-03-08",898,925,898,916.95,916.15,81532,747.25
"2016-03-09",911,924.7,910,915,916.25,39832,365.15
"2016-03-10",915.15,934,914.95,921,921.4,59636,549.38
"2016-03-11",923.3,944.35,920.75,928,929.3,64324,599.31
"2016-03-14",939.5,939.5,922.5,929.5,927.45,34282,318.09
"2016-03-15",935,940,921.1,939,938.4,102691,954.2
"2016-03-16",939,944,926,938.25,938.55,181960,1706.74
"2016-03-17",933.5,942,926.85,940,939.1,71339,668.74
"2016-03-18",945.5,968,930.15,964,958.9,152781,1457.08
"2016-03-21",969.95,969.95,950.1,967,966.85,49756,480.16
"2016-03-22",967.95,979,960.1,967,972.45,58818,570.27
"2016-03-23",963.05,988.5,963.05,984,984.1,114117,1120.57
"2016-03-28",984.1,991,972.05,984,983.35,39080,384.25
"2016-03-29",985,987.95,961,980,980.2,79311,777.15
"2016-03-30",988,1067.95,987.85,1015.5,1019.5,222586,2296.92
"2016-03-31",1040,1049.55,1012.6,1039.95,1036.45,129305,1334.8
"2016-04-01",1039.5,1053.95,1024.45,1046,1048.25,93953,977.98
"2016-04-04",1054.9,1096,1052.95,1091.5,1090.1,198604,2161.07
"2016-04-05",1092.95,1110.7,1080.1,1102,1097.95,136110,1495.84
"2016-04-06",1104,1132.5,1057,1074.6,1072.3,210529,2293.12
"2016-04-07",1072.3,1107,1070.1,1090,1088.7,75063,819.59
"2016-04-08",1096.9,1104.55,1041.25,1047,1060.3,163403,1751.69
"2016-04-11",1053.05,1066.95,1045,1052.1,1052.85,67673,714.43
"2016-04-12",1060,1094.9,1053.6,1079,1086.8,137543,1484.09
"2016-04-13",1086.9,1093.4,1060.7,1085.2,1084.8,61780,667.54
"2016-04-18",1095,1098,1072,1082,1084.35,114868,1245.28
"2016-04-20",1090.7,1090.7,1044.7,1058.2,1061,363029,3831.89
"2016-04-21",1069,1084.9,1050.1,1076,1080.5,53595,576.42
"2016-04-22",1079.95,1080,1060,1074,1076.15,22131,237.26
"2016-04-25",1062,1119.5,1062,1107.05,1098.8,64028,697.65
"2016-04-26",1100,1123.95,1080.3,1100,1098.95,97910,1082.89
"2016-04-27",1086.1,1119,1086.1,1113,1108.85,91205,1007.7
"2016-04-28",1110,1149.95,1101,1148,1145.4,188626,2141.07
"2016-04-29",1148.9,1209.8,1146.55,1205,1190.25,179860,2116.57
"2016-05-02",1200,1223.7,1156.6,1166.8,1169.15,171020,2009.06
"2016-05-03",1169.15,1200,1163.55,1180.1,1183.9,213572,2531.17
"2016-05-04",1186,1228,1171.2,1200,1202.4,244006,2954.02
"2016-05-05",1202,1217,1189,1196.25,1195.5,80288,968.39
"2016-05-06",1195.5,1204.3,1176.1,1182,1189.3,67280,801.93
"2016-05-09",1185.85,1219.95,1185.85,1207,1212.85,95016,1144.67
"2016-05-10",1203.3,1275,1202.1,1236.25,1245.15,225900,2830.5
"2016-05-11",1230,1260,1210,1237.6,1239.55,97392,1205.79
"2016-05-12",1239.55,1249.7,1202,1212.9,1213.15,60626,740.02
"2016-05-13",1225,1278,1214,1265,1265,194945,2457.76
"2016-05-16",1279.9,1299,1257.2,1272.1,1272.35,287364,3663.44
"2016-05-17",1288,1387,1283.6,1337.5,1334.75,516735,6926.91
"2016-05-18",1340.3,1438.8,1330.1,1429.15,1398,245269,3359.97
"2016-05-19",1410.1,1536,1410.1,1446.35,1441.35,492020,7192.34
"2016-05-20",1460,1470,1412,1419.2,1419.85,749546,10699.63
"2016-05-23",1429,1469,1410,1424,1418.75,233444,3341.99
"2016-05-24",1429.8,1495.55,1420,1421.2,1425.55,235359,3415.15
"2016-05-25",1438,1458,1412,1424.5,1423.2,116909,1671.89
"2016-05-26",1432,1432.8,1340,1355.5,1351.1,235197,3206.32
"2016-05-27",1355,1414,1352,1398.5,1398.3,282136,3927.55
"2016-05-30",1407.9,1419.5,1350.1,1383.4,1383.85,149580,2075.38
"2016-05-31",1397,1464,1370,1431.9,1445.75,707999,10172.54
"2016-06-01",1435,1446.7,1404.75,1408.05,1413.3,161898,2305.26
"2016-06-02",1414,1443,1406.65,1415.7,1420.3,122743,1746.56
"2016-06-03",1433,1453,1422.25,1450,1449.45,278976,3999.29
"2016-06-06",1450,1450.45,1408.5,1415,1421.05,183464,2621.92
"2016-06-07",1419,1430.1,1394.95,1399.8,1400.55,132435,1863.28
"2016-06-08",1402.2,1416.75,1371,1375,1375.4,122240,1693.98
"2016-06-09",1392.8,1392.8,1326.25,1331.5,1332.65,108461,1461.15
"2016-06-10",1335,1369.6,1334.95,1338.8,1341.1,154288,2077.19
"2016-06-13",1341.1,1381.1,1321.05,1371,1361.55,74992,1011.42
"2016-06-14",1370,1405,1350,1390,1395.95,92115,1275.73
"2016-06-15",1387,1410,1372,1381,1376.5,61013,846.61
"2016-06-16",1384,1408,1358.1,1399.9,1400.35,64107,889.86
"2016-06-17",1408,1415,1350.15,1356.5,1355.8,151328,2078.1
"2016-06-20",1356,1356,1330,1333.1,1343.4,121834,1630.44
"2016-06-21",1343,1392,1320.15,1384.7,1370,204966,2759.11
"2016-06-22",1384,1408,1372.25,1396,1398.1,124932,1743.23
"2016-06-23",1393.95,1405.45,1378.1,1395,1395.4,68770,956.57
"2016-06-24",1369.85,1430,1330,1430,1421.45,135665,1877.47
"2016-06-27",1421.1,1421.1,1382.95,1388,1390.15,56043,783.87
"2016-06-29",1385,1426,1385,1396,1399.7,144347,2029.39
"2016-06-30",1409.9,1458,1401,1441.5,1446.05,166116,2383.44
"2016-07-01",1446.05,1485.65,1430,1460,1461.95,100424,1470.96
"2016-07-04",1462,1505,1450,1462.95,1465.05,115251,1711.61
"2016-07-05",1468,1514.95,1445.55,1502.05,1506.85,115264,1711.13
"2016-07-07",1505,1560,1505,1524.1,1527.8,226190,3473.25
"2016-07-08",1527.9,1539.95,1482.2,1485,1487.6,86397,1297.96
"2016-07-11",1500,1525,1490.05,1507,1509.6,86126,1299.61
"2016-07-12",1492.5,1510,1476.1,1480,1491.95,86340,1286.96
"2016-07-13",1492.05,1533.9,1492.05,1522.1,1524.65,144891,2205.55
"2016-07-14",1528.7,1545,1507.25,1540,1537.65,98689,1511.14
"2016-07-15",1537.1,1588,1532,1566,1554.95,199417,3116.18
"2016-07-18",1566,1574.45,1523,1536,1526.85,43396,669.58
"2016-07-19",1540,1590,1512,1570,1571.45,130934,2034.09
"2016-07-20",1575.4,1670,1561.7,1668.95,1649.75,316769,5201.19
"2016-07-21",1669.8,1672.8,1596.15,1601.05,1605.05,146532,2386.82
"2016-07-22",1624.95,1624.95,1566.25,1581.8,1575.8,107494,1701.72
"2016-07-25",1581,1600,1565,1578.9,1585.35,79163,1253.8
"2016-07-26",1586,1614,1575.65,1592.9,1583.85,75384,1198.04
"2016-07-27",1590,1604,1565.5,1590,1588.4,60176,955.75
"2016-07-28",1593,1614,1573,1607,1608.65,117283,1872.22
"2016-07-29",1608.65,1624.2,1588.05,1609.9,1607.05,189215,3036.2
"2016-08-01",1618.9,1664,1591.2,1608,1618.35,361787,5888.67
"2016-08-02",1637.85,1647.1,1580.1,1588.7,1592.35,140288,2269.11
"2016-08-03",1610,1610,1575.1,1580.35,1582.85,56564,898.01
"2016-08-04",1591.8,1598.2,1563.25,1572.2,1579.9,74530,1177.94
"2016-08-05",1589,1589,1566.1,1577.8,1576,64667,1018.1
"2016-08-08",1577.05,1610,1550.9,1605,1591.25,95999,1512.16
"2016-08-09",1599.9,1644,1590,1625,1633.3,101381,1643.36
"2016-08-10",1635,1635,1597.7,1611,1604.5,108141,1742.22
"2016-08-11",1602.25,1662.7,1575,1606,1601.6,285563,4617.75
"2016-08-12",1610.25,1700,1610.25,1699.95,1678.15,162125,2689.79
"2016-08-16",1710.05,1811,1680,1807,1771.45,318836,5581.11
"2016-08-17",1815,1862.2,1785,1854.8,1844.5,397372,7235.12
"2016-08-18",1848,1966,1815,1940,1949.7,373433,7133.84
"2016-08-19",1952.6,2050,1952.6,2046,2041.1,378977,7651.15
"2016-08-22",2049.9,2097,2049.9,2052,2065.25,301183,6247.15
"2016-08-23",2067.55,2080,1978.1,1994,1995.45,203782,4094.52
"2016-08-24",2008,2028.6,1989.9,2003,2004.8,107208,2149.02
"2016-08-25",1995.1,2008,1927,1935.2,1954.1,137991,2717.67
"2016-08-26",1958.95,1958.95,1833,1833,1847.1,173371,3246.45
"2016-08-29",1841.65,1889.8,1781.2,1880,1872.65,267665,4931.87
"2016-08-30",1911,1925.1,1882.45,1885.75,1890.75,152066,2898.76
"2016-08-31",1892.1,1913.8,1816.2,1833.3,1838.55,184819,3428.93
"2016-09-01",1842,1855,1802.45,1825,1827.3,92428,1693.26
"2016-09-02",1847.5,1850,1799.65,1815,1809.75,104662,1900.36
"2016-09-06",1815,1875,1815,1871,1866.4,244253,4524.85
"2016-09-07",1878.7,1884.9,1848,1868,1870.8,235700,4386.24
"2016-09-08",1871,1927.65,1871,1903.5,1903.65,186811,3557.09
"2016-09-09",1903.5,1931,1815,1871,1870.35,132995,2511.09
"2016-09-12",1845.1,1882.3,1839.8,1865.8,1865.15,222198,4138.14
"2016-09-14",1869.95,1884.4,1855,1882,1872.4,188231,3521.2
"2016-09-15",1890.05,1954,1876.9,1928,1922.2,193097,3722.95
"2016-09-16",1929.6,1963,1862.3,1874.15,1911,355972,6863.93
"2016-09-19",1895.4,1939.65,1881.95,1898.7,1895.65,103018,1971.82
"2016-09-20",1910,1931.05,1865,1882,1878.4,68073,1287.62
"2016-09-21",1909,1918.4,1859.05,1880.1,1878.2,133397,2510.5
"2016-09-22",1904.9,1904.9,1871,1904,1893.4,71907,1357.74
"2016-09-23",1907.55,1920,1880,1895.15,1901.6,126064,2396.89
"2016-09-26",1895.15,1904.75,1866,1886,1886.25,180207,3395.3
"2016-09-27",1895.25,1903.9,1886,1890,1891.85,295203,5580.12
"2016-09-28",1900.35,1934.5,1864,1869.5,1871.25,305559,5808.16
"2016-09-29",1890,1894,1757.35,1828,1837.05,169073,3084.06
"2016-09-30",1837,1855,1803.25,1840,1838.5,124781,2289.3
"2016-10-03",1859.9,1933,1850,1906,1911.95,154745,2944.26
"2016-10-04",1900,1914.2,1873.2,1893,1894.55,103859,1961.51
"2016-10-05",1896.25,1902,1865.4,1876,1881.05,70669,1330.55
"2016-10-06",1887.85,1887.85,1840,1845,1846.8,78075,1452.44
"2016-10-07",1866.4,1872.25,1826,1855,1858.5,93917,1739.73
"2016-10-10",1878,1880,1837,1840,1848.8,43759,814.9
"2016-10-13",1849,1855.25,1783.85,1794.85,1792.65,146858,2655.69
"2016-10-14",1818,1853,1803.3,1839.8,1838.2,86253,1582.63
"2016-10-17",1838.2,1879,1822.25,1858.4,1860.6,112800,2100.39
"2016-10-18",1862.6,1881,1855,1878.8,1873.45,84001,1570.12
"2016-10-19",1878.05,1890.7,1847.4,1852.35,1856.55,107036,1996.78
"2016-10-20",1864.75,1870,1830,1830.05,1836.65,42866,792.04
"2016-10-21",1841,1859.95,1822.5,1853.9,1853.7,73597,1356.55
"2016-10-24",1854,1866.75,1811,1820,1819.5,76536,1405.09
"2016-10-25",1842,1855.95,1823.35,1842.1,1841.35,91497,1691.37
"2016-10-26",1843.3,1858,1775.45,1795,1793.65,124701,2255.97
"2016-10-27",1804,1820,1760.75,1787,1798.1,151237,2713.67
"2016-10-28",1813.95,1813.95,1766.1,1770.95,1774.65,127799,2281.08
"2016-10-30",1800,1819.9,1790.05,1805.05,1812.6,36670,663.74
"2016-11-01",1800.55,1818.45,1737.8,1747.95,1748.15,128930,2290.63
"2016-11-02",1745,1745,1675,1681.9,1688.75,133538,2280.28
"2016-11-03",1680.1,1725,1605,1623.75,1634.45,173048,2886.48
"2016-11-04",1634,1649.9,1586.4,1616,1610.25,152244,2455.57
"2016-11-07",1629.9,1699.9,1629.9,1653.9,1664.3,142178,2379.03
"2016-11-08",1668,1696,1655,1685,1680.5,61117,1023.83
"2016-11-09",1560,1650,1426,1634,1631.25,138362,2215.79
"2016-11-10",1663.35,1700,1585,1594.65,1597,117574,1934.47
"2016-11-11",1594.65,1596.65,1520,1526.55,1522.2,291929,4468.47
"2016-11-15",1519.05,1534.95,1366.05,1425,1401.75,668455,9736.18
"2016-11-16",1444,1463.05,1410,1430.15,1428.75,211469,3023.64
"2016-11-17",1428,1445,1403.35,1435,1422.2,150497,2139.38
"2016-11-18",1412,1467.7,1412,1445,1438.35,154996,2231.52
"2016-11-21",1451.1,1505,1430.05,1439,1435.75,201593,2931.87
"2016-11-22",1479,1518,1436,1518,1499.7,137648,2038.89
"2016-11-23",1521.25,1694.95,1521.25,1684,1653.75,296781,4683.44
"2016-11-24",1655,1665.3,1611.25,1632.25,1638.35,147905,2417.62
"2016-11-25",1649.95,1670,1640,1660.25,1662,49916,828.58
"2016-11-28",1670,1676,1642,1652,1650.05,69386,1146.94
"2016-11-29",1660,1749,1627.1,1646,1641.9,170326,2867.85
"2016-11-30",1659.4,1708,1650,1689,1693.15,188351,3176.22
"2016-12-01",1698,1698,1622.1,1650,1630.85,96902,1599.39
"2016-12-02",1631.1,1665,1623.95,1664.9,1646.85,99078,1631.78
"2016-12-05",1652,1686,1636,1678,1667.75,58482,974.26
"2016-12-06",1671.05,1688,1664.05,1670.05,1678.6,43237,725.98
"2016-12-07",1685,1715,1685,1701.05,1702.2,43242,735.67
"2016-12-08",1704.2,1736.4,1700.5,1735,1726.1,138824,2391.92
"2016-12-09",1733,1745.3,1674.55,1717,1719.9,166379,2859.57
"2016-12-12",1720,1733.2,1700,1715,1716.5,46386,795.94
"2016-12-13",1718.35,1734.9,1708.85,1728.9,1728.85,42662,736.26
"2016-12-14",1730,1738,1701,1713.3,1710.3,116413,2014.12
"2016-12-15",1701.15,1723.75,1675.1,1687.35,1691.45,45742,778.39
"2016-12-16",1692,1719.9,1679.35,1688.9,1699.8,160722,2733.24
"2016-12-19",1701.1,1708.75,1590,1605,1615.4,145958,2404.86
"2016-12-20",1615,1637,1586.15,1606,1606.85,74678,1201.46
"2016-12-21",1612.15,1629,1535,1548,1551.85,73637,1156.12
"2016-12-22",1553.05,1564.75,1475.05,1494,1483.45,107335,1609.72
"2016-12-23",1500,1534,1455.2,1463,1468.3,108075,1616.27
"2016-12-26",1468.3,1495,1445,1464,1473.25,66575,982.53
"2016-12-27",1477,1520,1460.1,1508.9,1501.1,135928,2034.89
"2016-12-28",1507.05,1556,1507.05,1519,1527.95,112753,1730.05
"2016-12-29",1531.05,1607,1523.7,1595.3,1597.6,209421,3312.97
"2016-12-30",1596,1637,1596,1620,1624.85,107858,1749.01
"2017-01-02",1624.95,1632.05,1586,1591.3,1594.3,36380,582.64
"2017-01-03",1600,1624.7,1571.4,1580,1578,76750,1226.24
"2017-01-04",1589,1608.9,1580.1,1604,1598.4,98801,1576.48
"2017-01-05",1601.05,1670,1590.55,1666,1658.15,136908,2234.95
"2017-01-06",1697,1719,1666.35,1687,1678.8,171872,2905.55
"2017-01-09",1693.9,1693.9,1662,1670,1672,37323,625.93
"2017-01-10",1680,1742,1674,1740,1734.75,127979,2193.28
"2017-01-11",1750,1780,1733.15,1751,1749,143727,2516.05
"2017-01-12",1749.9,1794,1735,1792,1782.65,102674,1814.98
"2017-01-13",1797.95,1800.2,1765,1790,1792.55,60322,1074.96
"2017-01-16",1790,1799.9,1776,1784.9,1786.95,36416,651.04
"2017-01-17",1776.5,1804.8,1760.3,1798,1791.55,65573,1168.72
"2017-01-18",1790,1859.45,1790,1834,1844.2,156233,2875.24
"2017-01-19",1835,1850,1817.4,1835.85,1836.55,64541,1184.73
"2017-01-20",1816.35,1835,1751,1757.25,1768.05,83276,1482.95
"2017-01-23",1759,1759.2,1683.1,1688.5,1696.6,141359,2413.68
"2017-01-24",1699,1749,1699,1740,1729.7,92592,1595.58
"2017-01-25",1741,1758,1693,1708.15,1711.65,99888,1715.08
"2017-01-27",1725.2,1759.9,1712.4,1721.75,1718.7,75145,1303.49
"2017-01-30",1719.85,1738,1695,1726.05,1718.65,85140,1464.63
"2017-01-31",1735,1750,1673.85,1685,1687.7,108242,1851.27
"2017-02-01",1699.8,1727,1677,1721,1713.95,70417,1199.99
"2017-02-02",1714,1725,1661,1670.25,1674.9,80932,1367.84
"2017-02-03",1699,1707.9,1675.55,1704.4,1692.05,53783,907.69
"2017-02-06",1719.9,1782,1701,1765.25,1766.5,195088,3380.85
"2017-02-07",1779.9,1783.8,1729.6,1750,1743.2,76074,1335.13
"2017-02-08",1755,1768.7,1729.25,1752,1761.5,57238,1001.89
"2017-02-09",1750.1,1773.9,1748,1763.9,1765.8,85900,1514.78
"2017-02-10",1765,1789,1745.1,1766,1776.65,92844,1645.03
"2017-02-13",1771.05,1840.05,1771.05,1838,1811.1,137533,2476.54
"2017-02-14",1835,1860,1817,1822.25,1832.1,110917,2032.35
"2017-02-15",1835,1865,1814.5,1864,1857.4,126402,2334.8
"2017-02-16",1868.7,1874.75,1824.45,1841.05,1845.4,107383,1988.84
"2017-02-17",1855,1894.35,1855,1874.9,1883.45,87371,1638.12
"2017-02-20",1895,1910,1865.25,1882.65,1890.85,62299,1177.66
"2017-02-21",1885.05,1900,1881,1900,1899.2,31555,598.21
"2017-02-22",1905,1908,1860,1899,1899.85,64060,1209.09
"2017-02-23",1908,1909,1852.25,1866,1869.8,79749,1501.87
"2017-02-27",1870,1885.7,1842.2,1842.8,1849.7,53404,995.55
"2017-02-28",1855,1860,1835,1842,1844.8,109327,2016.49
"2017-03-01",1849.95,1874.7,1825.4,1835,1838.7,66944,1240.34
"2017-03-02",1840.2,1863.4,1828,1840,1835.6,39862,733.95
"2017-03-03",1840,1853.05,1810.95,1819.05,1822.95,54302,996.08
"2017-03-06",1830.05,1875,1830.05,1863.7,1870.65,106246,1980.37
"2017-03-07",1872,1914,1847,1891,1891.3,142040,2682.84
"2017-03-08",1892,1927.4,1876.25,1900,1909.8,139704,2660.53
"2017-03-09",1910.5,1915.95,1879.1,1883.15,1888.45,118884,2243.6
"2017-03-10",1874,1884.9,1861,1861,1868.85,61248,1146.71
"2017-03-14",1879,1907,1850,1853.9,1867.75,80665,1508.37
"2017-03-15",1872,1879,1857,1859,1859.05,41027,765.54
"2017-03-16",1867.85,1909,1862,1898.1,1901.85,102812,1942.33
"2017-03-17",1882,1897.9,1850.1,1855,1858.25,174520,3258.51
"2017-03-20",1866,1879.9,1855.25,1859.4,1861.55,34271,639.37
"2017-03-21",1866.95,1870.35,1822.9,1848,1856.2,100218,1850.17
"2017-03-22",1848,1872,1811.7,1865,1858.65,106489,1967.96
"2017-03-23",1874.9,1890,1843,1871.05,1880.1,97611,1824.66
"2017-03-24",1879.8,1883.35,1848.05,1848.05,1860.35,39826,744.66
"2017-03-27",1869,1869,1845,1852,1853,26189,485.18
"2017-03-28",1858,1875,1850,1869.75,1868.05,60864,1131.97
"2017-03-29",1850.05,1884.85,1850.05,1870,1876.85,92627,1727.59
"2017-03-30",1875,1898,1855,1879,1868,151082,2824.27
"2017-03-31",1899.8,1948,1880,1904,1903.05,397173,7612.52
"2017-04-03",1920,1942,1901.25,1938,1936.05,160966,3091.79
"2017-04-05",1955,1968,1934.65,1954,1961.75,206875,4042.02
"2017-04-06",1954,1962.35,1910.65,1930.2,1933.75,110858,2143.6
"2017-04-07",1934.9,1934.9,1899.05,1919,1922.35,128493,2469.76
"2017-04-10",1928,1978,1912.35,1955,1962.6,86363,1687.76
"2017-04-11",1963,2045,1960.35,2041.9,2038.85,303062,6103.01
"2017-04-12",2038,2093.3,2013.2,2076.15,2071.55,183701,3767.25
"2017-04-13",2088,2262.8,2080,2249,2241.1,594648,12989.24
"2017-04-17",2250,2332.85,2198.8,2267.35,2273.1,353247,7983.38
"2017-04-18",2297,2297,2221.5,2235,2233.65,124909,2821.97
"2017-04-19",2221,2267.8,2188,2267.8,2254,141899,3165.86
"2017-04-20",2253.35,2283.5,2235,2278.1,2265.95,93051,2101.13
"2017-04-21",2284.7,2377.45,2257.65,2375.1,2351.1,288674,6755.92
"2017-04-24",2356,2468,2356,2456,2445.8,332856,8043.52
"2017-04-25",2460,2534,2460,2514.9,2517.5,520137,13066.86
"2017-04-26",2520,2520,2406.4,2460,2449.5,343496,8486.78
"2017-04-27",2474,2496.95,2429.95,2476,2475.5,226863,5590.79
"2017-04-28",2471.9,2512,2455.95,2491.85,2496.35,174421,4333.69
"2017-05-02",2500,2595,2470,2595,2547,280461,7049.3
"2017-05-03",2590,2631,2552.65,2574.95,2581.85,156793,4071.13
"2017-05-04",2598.95,2607.1,2545.65,2546.5,2563.3,131363,3379.77
"2017-05-05",2558,2560,2457,2500.55,2503.8,85988,2154.28
"2017-05-08",2529.7,2560.05,2492.05,2500.05,2499.4,75634,1903.04
"2017-05-09",2497.9,2516.1,2458,2487,2490.9,131323,3266.01
"2017-05-10",2493.5,2575,2493.5,2526,2526.75,253326,6412.13
"2017-05-11",2555.35,2565,2512.05,2543,2544.15,213303,5402.03
"2017-05-12",2544,2644.95,2487,2630,2599.45,600490,15516.76
"2017-05-15",2670,2949.9,2660,2868.65,2866.25,1434636,40813.47
"2017-05-16",2896,2909.35,2775,2811,2800,415102,11746.98
"2017-05-17",2812,2885,2775.3,2833.65,2830.75,342999,9730.68
"2017-05-18",2825,2874.95,2782,2785,2799,322666,9112.3
"2017-05-19",2825,2874.9,2756.7,2834,2833.75,262713,7425.68
"2017-05-22",2869,2870,2726.05,2771,2761.4,241696,6745.74
"2017-05-23",2778,2778.15,2677.65,2736,2727.65,271260,7406.35
"2017-05-24",2732,2759,2632.05,2647,2655.85,322195,8620.26
"2017-05-25",2667,2708,2582.55,2697,2695.1,307960,8184.66
"2017-05-26",2700,2745,2690.1,2734,2728,176521,4805.38
"2017-05-29",2744,2750,2635.1,2644,2645.25,153720,4122.01
"2017-05-30",2645,2750,2615.25,2749.95,2717.95,152890,4095.95
"2017-05-31",2758.05,2778,2712.7,2739.95,2734.8,405585,11138.16
"2017-06-01",2749.85,2827.8,2725.55,2824,2816.45,240723,6708.54
"2017-06-02",2831,2843.1,2796,2806,2816.8,223953,6313.44
"2017-06-05",2805,2835,2793.05,2800,2806.45,124174,3490.78
"2017-06-06",2810,2823.1,2777,2799,2798.65,100796,2822.52
"2017-06-07",2795,2834.45,2790.15,2794.05,2802.15,88383,2484.28
"2017-06-08",2803,2820,2776.95,2797.5,2804.8,102540,2874.9
"2017-06-09",2815,2960.5,2797.55,2950.1,2947.1,484205,14015.71
"2017-06-12",2970,3067.9,2918.2,3055,3054.1,569235,17052.68
"2017-06-13",3075,3088.95,3000,3002.05,3017.2,332637,10098.26
"2017-06-14",3033.5,3035.9,2960,2996.25,2992.8,246928,7380.68
"2017-06-15",2994.2,3009.8,2976.5,2988,2987.9,165277,4950.05
"2017-06-16",2988.1,3001.95,2941.25,2942,2959.65,305482,9065.22
"2017-06-19",2965,2988.7,2893.3,2920.1,2910.1,220235,6472.82
"2017-06-20",2925.05,2961.55,2892.3,2900,2902.15,166437,4856.91
"2017-06-21",2925,2925,2851.65,2866.4,2870.35,250238,7194.48
"2017-06-22",2879.8,2948,2875,2885,2890.15,198961,5797.13
"2017-06-23",2895,2913,2811.3,2817,2820.5,127614,3625.91
"2017-06-27",2815.6,2839.95,2758,2825,2805.25,152263,4253.63
"2017-06-28",2821.95,2847,2793.05,2803.45,2801.35,117101,3295.08
"2017-06-29",2805.6,2835.55,2758.9,2771,2771.5,159023,4439.58
"2017-06-30",2769.5,2807.95,2742.3,2790.05,2796.6,154060,4293.82
"2017-07-03",2822,2903,2775,2887,2873.5,189920,5380.88
"2017-07-04",2887,2925,2804.45,2811.9,2818.25,229216,6591.2
"2017-07-05",2820,2839.9,2802.25,2819,2820.3,109707,3096.39
"2017-07-06",2829.9,2963.1,2829.9,2937,2934.5,350129,10186.99
"2017-07-07",2958,3004.45,2925.85,2935,2946.15,458291,13606.97
"2017-07-10",3050,3050,2852,2898.9,2901.45,34908,1012.64
"2017-07-11",2909.45,2935,2851,2856,2860.5,181463,5249.15
"2017-07-12",2860,2938,2860,2925.5,2923.15,206455,5988.41
"2017-07-13",2923.15,2942.35,2890.6,2918,2917.65,140533,4096.9
"2017-07-14",2916.85,2927.75,2895,2904,2903.5,86709,2519.32
"2017-07-17",2904,2968.95,2903,2922.1,2927.05,139218,4092.97
"2017-07-18",2951.05,2973,2901.4,2930,2925.2,152913,4497
"2017-07-19",2925.95,2968,2924,2948,2956.2,101538,2996.46
"2017-07-20",2957.05,2974.1,2932.5,2934.2,2948.8,99401,2937.55
"2017-07-21",2936,2950.5,2900,2910.7,2918.05,81123,2372.17
"2017-07-24",2935,2945.95,2899.95,2920.9,2922.4,86050,2515.47
"2017-07-25",2925,2938,2900,2900.05,2906.2,76675,2230.87
"2017-07-26",2910,2919,2891.1,2910,2905.95,67862,1971.95
"2017-07-27",2909,2925.8,2830.6,2845,2840.8,238916,6852.03
"2017-07-28",2843,2949,2838.05,2936.45,2930.7,191447,5558.77
"2017-07-31",2945.2,2998,2919.6,2954,2952.5,250116,7409.01
"2017-08-01",2967,3027,2942.5,2956,2957.9,526040,15681.77
"2017-08-02",2981,2985.3,2901,2906,2912.05,198335,5805.88
"2017-08-03",2919.8,2951,2887.3,2900,2902.1,211729,6205.59
"2017-08-04",2911,2958.9,2901.65,2940,2940.05,176106,5164.17
"2017-08-07",2960,2978.65,2921.85,2967,2963.5,103363,3053.13
"2017-08-08",2969.8,2981.4,2910,2915,2919.15,97918,2879.05
"2017-08-09",2910,2910,2825,2838,2851.55,116565,3342.43
"2017-08-10",2839.8,2839.8,2647.85,2785,2731.1,260386,7223.29
"2017-08-11",2730.35,2775.5,2648.2,2672.9,2701.85,274185,7426.81
"2017-08-14",2711,2802,2711,2752,2759.55,175926,4865.13
"2017-08-16",2769.9,2776.95,2701.25,2745,2748.85,200956,5497.93
"2017-08-17",2769,2775,2704.05,2705.1,2713.85,151132,4140.05
"2017-08-18",2699,2707.1,2650.95,2683.5,2695,130781,3503.36
"2017-08-21",2690.1,2713,2605,2606,2617,128862,3407.39
"2017-08-22",2625.25,2651.05,2536,2589.9,2579.35,239387,6170.55
"2017-08-23",2599,2638.65,2590,2618.4,2625.2,133168,3485.7
"2017-08-24",2624,2690.55,2616,2670.9,2676.75,105335,2807.37
"2017-08-28",2677.1,2705.3,2670,2685.4,2690.65,125379,3372.89
"2017-08-29",2690.1,2710,2640,2669.05,2657.15,113033,3017.49
"2017-08-30",2700,2735,2673.05,2712.45,2716.5,115790,3137.72
"2017-08-31",2721,2730.6,2700.65,2708,2713.7,206378,5606.72
"2017-09-01",2729.9,2773.8,2714,2767.9,2767.4,163389,4506.26
"2017-09-04",2760,2770,2671,2695,2691.8,122824,3330.07
"2017-09-05",2755,2758.5,2686.95,2697,2698.35,197664,5356.65
"2017-09-06",2686,2729.85,2662.2,2692.9,2701.9,207598,5612.31
"2017-09-07",2722,2722,2691,2699,2702.2,102695,2776.72
"2017-09-08",2703.1,2745,2678.8,2699,2696.8,147055,3991.93
"2017-09-11",2700.3,2722.3,2675.05,2695,2690.65,71988,1946.47
"2017-09-12",2705.05,2768,2695.15,2760.05,2751.35,162819,4449.84
"2017-09-13",2760,2788,2747.25,2756.35,2757.8,161413,4465.33
"2017-09-14",2780,2930.3,2772.8,2924.7,2907.1,532374,15179.78
"2017-09-15",2922,2926.25,2860,2871.65,2881.55,314396,9071.33
"2017-09-18",2899.4,2899.9,2829.95,2841.1,2842.6,191579,5472.61
"2017-09-19",2850.1,2850.15,2762.65,2775,2776.35,277702,7781.55
"2017-09-20",2777,2834.9,2753.95,2802.6,2807.65,214733,6014.83
"2017-09-21",2810.85,2844.4,2775,2830,2832.35,176703,4972.51
"2017-09-22",2815.1,2831.85,2732.35,2750,2748.4,169578,4690.22
"2017-09-25",2750.1,2754.05,2670,2715,2701.55,204664,5514.16
"2017-09-26",2675.3,2722,2665.5,2669.95,2682.35,93280,2508.77
"2017-09-27",2698.4,2723,2597,2610,2608.7,288123,7649.15
"2017-09-28",2625.05,2650,2550.65,2568.85,2567.55,199021,5170.73
"2017-09-29",2590,2671.4,2575,2642.95,2622.35,216849,5703.46
"2017-10-03",2670,2725.2,2645,2711,2712.25,219332,5923.23
"2017-10-04",2726,2740,2652.65,2698.35,2699.8,102327,2777.91
"2017-10-05",2715,2739.25,2683.25,2697.95,2699.4,53211,1443.82
"2017-10-06",2721.15,2725,2678.45,2703.6,2703.55,91038,2457.04
"2017-10-09",2715.05,2804.9,2692.85,2774.9,2766.2,263241,7288.95
"2017-10-10",2800,2817.95,2755,2770,2774.2,168747,4684.78
"2017-10-11",2779.8,2810,2715,2730.95,2743.45,210466,5811.02
"2017-10-12",2755,2770.2,2727.6,2745,2742.45,105530,2896.76
"2017-10-13",2775,2786,2724,2743,2742.35,182060,5028.09
"2017-10-16",2745,2773,2716.1,2751.8,2747.95,218102,5991.25
"2017-10-17",2746,2774.9,2725.25,2757.3,2761.5,163870,4491.97
"2017-10-18",2767.7,2820,2738,2765.55,2754.3,389792,10852.36
"2017-10-19",2770,2785.5,2756.05,2760,2768.95,46440,1288.15
"2017-10-23",2789.9,2789.9,2725.5,2735,2731.9,113871,3121.82
"2017-10-24",2741.95,2758.45,2721.85,2736.95,2738.4,110786,3040.92
"2017-10-25",2745,2752.4,2606.25,2624,2625.95,263504,7026.11
"2017-10-26",2659.95,2665.2,2607,2633,2629.7,179315,4722.27
"2017-10-27",2649,2729.25,2635,2705,2706.5,180994,4857.59
"2017-10-30",2719.9,2779.6,2692.4,2770,2762.55,98485,2703.11
"2017-10-31",2764.5,2775,2730.4,2739,2748.45,83004,2281.84
"2017-11-01",2730.1,2758.35,2692.25,2718,2724.7,112748,3072.59
"2017-11-02",2745,2745.05,2708,2716,2716.25,73634,2005.71
"2017-11-03",2717.05,2727,2672.55,2689.05,2684.4,160786,4338.13
"2017-11-06",2680,2806,2663.45,2749,2757.35,754483,20670.22
"2017-11-07",2777,2789.95,2685,2691.3,2707.15,173992,4734.84
"2017-11-08",2721.05,2721.05,2626.1,2631,2642.2,88804,2366.82
"2017-11-09",2654,2677.5,2612,2638,2640.05,108629,2873.74
"2017-11-10",2640,2680,2622.1,2639.05,2639,143920,3813.77
"2017-11-13",2650,2668,2610,2621.25,2626.6,75584,1995.47
"2017-11-14",2625,2663.7,2610.3,2628.1,2628.05,94442,2494.22
"2017-11-15",2638.55,2644,2551.15,2562,2566.4,89961,2332.38
"2017-11-16",2563,2598,2563,2582.6,2575.85,85609,2207.25
"2017-11-17",2620,2625,2587.1,2588,2598.15,69753,1818.38
"2017-11-20",2602,2621.9,2575.2,2609.3,2610.5,104617,2718.25
"2017-11-21",2613,2649,2610.1,2621,2621.95,90379,2374.22
"2017-11-22",2625,2625,2587.2,2607.35,2603.25,81380,2117.97
"2017-11-23",2618,2618,2578.65,2589.15,2591.1,65772,1706.43
"2017-11-24",2612,2668,2583.35,2661.95,2661.95,131750,3482.08
"2017-11-27",2661,2675,2638.7,2655,2658.45,60227,1601.22
"2017-11-28",2680,2766.4,2651.45,2758,2759.4,298177,8110.91
"2017-11-29",2780,2819.9,2763.25,2806.05,2811.8,354931,9938.9
"2017-11-30",2803.5,2809,2755.05,2782,2773.85,539540,15031.4
"2017-12-01",2778,2835.6,2707.05,2735.05,2732.7,399450,11178.79
"2017-12-04",2735,2771.65,2711.85,2747,2731,171867,4685.52
"2017-12-05",2740,2769,2694,2754.5,2759.4,139472,3805.96
"2017-12-06",2747.9,2759.4,2711.4,2735,2733,146709,4005.39
"2017-12-07",2730,2771,2723.1,2751.35,2751.15,167022,4581.44
"2017-12-08",2769.8,2903,2769.1,2875.55,2879.95,545782,15623.63
"2017-12-11",2901,2947.75,2861.6,2885.05,2895,306905,8913.54
"2017-12-12",2886,2894,2801.55,2821,2816.05,188271,5342.54
"2017-12-13",2828.9,2837,2718.55,2726.5,2726.45,399614,11060.49
"2017-12-14",2705,2767.95,2695.45,2752.2,2758.75,302105,8243.71
"2017-12-15",2784,2803.35,2760.6,2769,2771.05,143158,3976.73
"2017-12-18",2775,2838.4,2615.55,2796.75,2796.8,166033,4623.63
"2017-12-19",2824.9,2881,2811,2862.85,2871,194560,5542.21
"2017-12-20",2862.85,2891.55,2843.85,2850,2852.9,106431,3051.56
"2017-12-21",2877,2904,2816.15,2873,2874.3,135820,3891.64
"2017-12-22",2878,2943.85,2869.95,2896.95,2901.1,212272,6188.8
"2017-12-26",2886,2925.8,2881.05,2884,2888.65,66110,1917.53
"2017-12-27",2911.05,2918.3,2850.45,2872,2874.8,85728,2473.36
"2017-12-28",2879,2883.55,2830,2850,2845.55,156900,4470.45
"2017-12-29",2850,2878.9,2823.4,2864,2867.25,88641,2534.92
"2018-01-01",2860,2894,2835.1,2849,2844.5,48303,1385.26
"2018-01-02",2860,2879.95,2820.5,2840.1,2848.45,121204,3452.45
"2018-01-03",2866,2869,2845,2854,2850.05,75514,2153.77
"2018-01-04",2815,2847.05,2796,2820,2819.3,167634,4728.26
"2018-01-05",2822,2869,2820,2862.45,2853.5,103510,2944.45
"2018-01-08",2850,2925,2847.1,2913,2909.55,211623,6123.53
"2018-01-09",2900,2917.9,2866.6,2883.3,2892.95,170945,4937.76
"2018-01-10",2892,2900,2838,2850.5,2857.35,101747,2915.25
"2018-01-11",2850.5,2872.2,2840.45,2856.85,2860.1,97632,2791.05
"2018-01-12",2850,2885.1,2822.25,2860.7,2860.7,179509,5126.62
"2018-01-15",2860.7,2876.25,2832.5,2844,2844,98703,2816.06
"2018-01-16",2847.5,2859,2785,2800,2799.25,150242,4250.65
"2018-01-17",2800,2872.65,2783.05,2843,2853.15,512611,14407.1
"2018-01-18",2880,2883.3,2741,2765,2758.7,149242,4189.07
"2018-01-19",2770,2810,2742.35,2788.25,2793.95,113371,3154.14
"2018-01-22",2815,2835.85,2785,2826.2,2830.2,166916,4708.75
"2018-01-23",2848,2863,2824.6,2840,2844.65,246357,7012.87
"2018-01-24",2844,2853.85,2787.3,2809.3,2811.25,661730,18755.58
"2018-01-25",2825,2825,2759.2,2762.25,2771.2,175075,4882.91
"2018-01-29",2771,2832,2770.5,2794.05,2794.05,100328,2808.52
"2018-01-30",2807.95,2829.7,2752.6,2778,2766.95,296055,8252.48
"2018-01-31",2784,2785.9,2705.15,2735,2743,233914,6423.4
"2018-02-01",2743.05,2780,2699.55,2780,2749.15,248875,6832.91
"2018-02-02",2740,2768.3,2623.2,2643,2648.65,244101,6579.65
"2018-02-05",2610,2630.75,2580.25,2602,2617,216426,5645.54
"2018-02-06",2562.5,2593.2,2482.55,2545,2553.8,224647,5673.87
"2018-02-07",2600,2674,2562.25,2626.1,2650.7,240345,6303.22
"2018-02-08",2673,2726.45,2653,2705.8,2705.8,180086,4858.27
"2018-02-09",2654,2678.25,2620.15,2628,2633.75,113681,3005.91
"2018-02-12",2660,2709.4,2645.05,2679.9,2687.3,120120,3230.09
"2018-02-14",2687,2756.75,2681.25,2722.2,2733.3,95811,2616.53
"2018-02-15",2736,2766.3,2703.05,2714.8,2711,87098,2385.72
"2018-02-16",2716.3,2743.05,2600.05,2625.55,2621.1,112641,3003.78
"2018-02-19",2620,2659.6,2587.05,2620.15,2633.85,108357,2843.27
"2018-02-20",2649,2675,2622.95,2636.05,2633.6,83407,2202.86
"2018-02-21",2640.1,2656.9,2605,2653.85,2639.95,100388,2642.26
"2018-02-22",2640,2640,2580.65,2582.6,2590.1,146347,3800.27
"2018-02-23",2598,2644.4,2595,2622.5,2623.9,122361,3210.01
"2018-02-26",2634.9,2663.1,2620.35,2643,2644,107655,2847.37
"2018-02-27",2650,2654.2,2601.5,2620,2618.25,148844,3892.59
"2018-02-28",2629.05,2629.05,2575,2578,2582.55,205790,5331.12
"2018-03-01",2581,2582.5,2535,2541.85,2547.05,149181,3814.46
"2018-03-05",2540,2540.05,2430,2451,2440.9,235361,5807.7
"2018-03-06",2469.9,2469.9,2360.1,2364.5,2369.5,274977,6612
"2018-03-07",2369,2372.7,2275,2284,2297.45,286487,6630.26
"2018-03-08",2312,2344.25,2278.05,2320.85,2331.5,284062,6577.41
"2018-03-09",2350,2422.2,2338.35,2372,2362.6,343028,8193.49
"2018-03-12",2390.35,2420,2360.1,2410,2415.55,120392,2887.72
"2018-03-13",2419.7,2489.85,2401.6,2485,2481.9,220810,5429.83
"2018-03-14",2484,2484,2442,2455,2456.15,148400,3661.3
"2018-03-15",2455.5,2478.35,2434.65,2449,2450.85,197015,4841.36
"2018-03-16",2420.25,2503.3,2419.5,2494.3,2491.75,439822,10900.54
"2018-03-19",2515,2516.7,2470.55,2492.25,2492.25,414772,10377.15
"2018-03-20",2479.7,2485,2454.05,2465,2469.8,185570,4586.47
"2018-03-21",2494,2537.8,2463.4,2479.95,2477.75,194075,4841.95
"2018-03-22",2461.05,2503.35,2461.05,2469.25,2477.7,121666,3020.94
"2018-03-23",2447.05,2458.55,2356.9,2400,2395.4,241320,5776.61
"2018-03-26",2383.15,2415.4,2378,2414,2406.85,192772,4632.69
"2018-03-27",2430.9,2462.85,2417.3,2452.05,2452.45,179950,4400.62
"2018-03-28",2450,2469.9,2418.6,2443.65,2432.85,168980,4127.25
"2018-04-02",2450,2480,2421.15,2473.6,2471.1,152899,3736.33
"2018-04-03",2466,2522.15,2445,2495.1,2495.6,165933,4127.44
"2018-04-04",2502,2537.6,2448,2470,2463.7,192484,4809.51
"2018-04-05",2470.7,2557.95,2470.7,2541,2540.4,163302,4134.3
"2018-04-06",2551,2679.8,2537,2642.35,2663.9,325906,8581.89
"2018-04-09",2664.75,2669,2616,2628,2627.15,143285,3787.84
"2018-04-10",2630.25,2639.65,2597.75,2612.9,2622.05,109714,2875.79
"2018-04-11",2622.4,2623.85,2585,2588.15,2595.7,135799,3529.17
"2018-04-12",2582.8,2602.05,2576.55,2580.2,2583.2,127650,3306.41
"2018-04-13",2583.2,2630.35,2561.5,2563.8,2568.75,146738,3810.5
"2018-04-16",2567,2614,2557,2600,2600.6,236202,6133.27
"2018-04-17",2613.9,2613.9,2585,2594,2597.55,85911,2230.8
"2018-04-18",2598,2608.8,2570,2585.05,2579.65,72279,1868.56
"2018-04-19",2640,2640,2564.3,2598.1,2602.4,84189,2185.58
"2018-04-20",2592,2615,2560.1,2568,2568.5,80579,2080.32
"2018-04-23",2553,2638.85,2553,2607,2602.65,112226,2931.99
"2018-04-24",2621.05,2631.05,2560,2571,2568.15,111542,2885.73
"2018-04-25",2579.5,2595,2552.4,2573.2,2578.1,63420,1633.92
"2018-04-26",2600,2607,2563,2600,2583.3,162437,4199.19
"2018-04-27",2605,2650,2595,2635,2635.8,202898,5351.87
"2018-04-30",2616,2630,2586.2,2597.5,2599.6,109337,2851.14
"2018-05-02",2609,2619.2,2566.1,2590,2581.6,93913,2434.3
"2018-05-03",2589,2592,2506,2525,2527.95,98510,2499.17
"2018-05-04",2548,2552,2471,2495,2490.2,128364,3217.02
"2018-05-07",2534,2549.95,2500,2549.8,2529.5,142244,3584.52
"2018-05-08",2548,2557.65,2494.5,2499.8,2499.85,132139,3337.79
"2018-05-09",2492,2530,2465,2517.55,2510.35,165337,4145.53
"2018-05-10",2513.25,2520.5,2429.75,2439.5,2446.1,137571,3405.56
"2018-05-11",2459.9,2477.45,2422.1,2440,2433.85,168581,4135.53
"2018-05-14",2444.95,2467,2418.5,2428.95,2431,94628,2304.79
"2018-05-15",2431,2455,2408.2,2439.05,2435.6,163726,3985.53
"2018-05-16",2439.05,2442.2,2405.1,2416.15,2418.75,89644,2169.56
"2018-05-17",2420.5,2445,2390,2392.5,2397.7,86293,2083.57
"2018-05-18",2401.8,2401.8,2331.95,2339,2347.3,160270,3777.7
"2018-05-21",2370,2387.65,2326.45,2354,2361.85,165666,3922.06
"2018-05-22",2355,2390,2337.35,2389,2378.8,82421,1953.21
"2018-05-23",2382.5,2408.8,2340.25,2348,2348.35,92623,2194.46
"2018-05-24",2375,2415.05,2318.75,2414.7,2392.05,158895,3750.6
"2018-05-25",2412.7,2428,2352.05,2426,2404.6,149948,3577.25
"2018-05-28",2425,2504,2424.1,2450,2461.4,586031,14450.1
"2018-05-29",2464.95,2475,2380,2397,2405.75,191846,4667.92
"2018-05-30",2405,2405.05,2345,2353.95,2353.95,293589,6925.06
"2018-05-31",2363.8,2399.75,2342.35,2388,2371.45,428181,10144.29
"2018-06-01",2381.45,2445,2378.55,2435,2438.1,221861,5359.45
"2018-06-04",2450,2466.9,2397.2,2402,2406.85,224468,5433.94
"2018-06-05",2402.25,2403.45,2285,2326.6,2331.25,230586,5374.27
"2018-06-06",2330,2415,2315,2395,2394,200224,4724.22
"2018-06-07",2400,2420,2366,2408,2408.2,242771,5821.82
"2018-06-08",2391,2435.95,2383.1,2412,2408.2,243231,5850.56
"2018-06-11",2422,2451,2400.1,2415,2414.5,200515,4856.57
"2018-06-12",2414,2460,2411.55,2451,2450.05,184574,4513.15
"2018-06-13",2468.75,2468.75,2411,2450,2443.05,175157,4273.93
"2018-06-14",2440,2447.7,2393,2424.35,2427.4,194923,4711.1
"2018-06-15",2416,2516.5,2405.6,2500,2501.45,770456,19144.12
"2018-06-18",2509.95,2557.8,2489.1,2550.95,2548.1,283912,7191.95
"2018-06-19",2552,2567.35,2505.05,2544.9,2545.85,305358,7745.67
"2018-06-20",2554.1,2560,2523.05,2550,2548.1,315796,8032.7
"2018-06-21",2569,2584.95,2520,2524.15,2536.4,158278,4051.12
"2018-06-22",2547.9,2617.95,2500.1,2615,2599,371666,9528.81
"2018-06-25",2613.75,2644.75,2506.25,2526,2523,484732,12494.58
"2018-06-26",2524,2569.85,2524,2538,2540.6,236433,6021
"2018-06-27",2537.85,2574,2533.45,2551.1,2556.35,258345,6610.47
"2018-06-28",2564.1,2574,2501.65,2550,2551.4,624177,15845.62
"2018-06-29",2553.5,2597,2525.25,2530.1,2536.3,171708,4385.88
"2018-07-02",2538.1,2555,2430.05,2445,2451.05,228328,5653.61
"2018-07-03",2467,2483.3,2421.95,2469,2462.75,156467,3858.95
"2018-07-04",2456.6,2482.95,2402.9,2463,2464.3,227008,5544.41
"2018-07-05",2460,2470.7,2422.55,2456,2452.65,88874,2175.64
"2018-07-06",2440.45,2501.95,2437.45,2474,2476.35,119534,2963
"2018-07-09",2482,2518,2447.45,2455,2457,82763,2037.9
"2018-07-10",2455.6,2475.4,2437,2464.05,2466.3,85231,2093.59
"2018-07-11",2466,2487.9,2455.5,2479.5,2479.5,94325,2333.13
"2018-07-12",2479.35,2517,2460,2504,2496.1,392956,9815.03
"2018-07-13",2485.2,2532,2479,2523.9,2519.45,177014,4452.68
"2018-07-16",2523.9,2547.6,2508.65,2525,2522.5,211463,5348.29
"2018-07-17",2525,2550,2483.3,2539.9,2531.4,167788,4219.41
"2018-07-18",2539.9,2590.95,2532.6,2553.9,2560.4,221721,5685.53
"2018-07-19",2549.9,2549.9,2500,2519.3,2525.15,126939,3205.58
"2018-07-20",2520,2530,2490,2502,2501.95,110709,2771.48
"2018-07-23",2502.05,2570,2488.95,2546,2551.75,116760,2952.14
"2018-07-24",2555,2728,2555,2716,2721.4,581308,15483.74
"2018-07-25",2729,2743.15,2694.2,2696.3,2700.05,315133,8544.94
"2018-07-26",2697.85,2728.45,2655,2699.75,2684.25,188354,5075.47
"2018-07-27",2693.55,2725,2633.4,2638,2653.6,146462,3905.14
"2018-07-30",2635,2705,2630.2,2673,2668.65,361741,9632.45
"2018-07-31",2668.95,2698.15,2642,2669,2679.8,119287,3183.85
"2018-08-01",2675,2817.05,2657.05,2805,2806.3,602417,16561.83
"2018-08-02",2818,3018.7,2818,2850,2850.85,2409694,70414.36
"2018-08-03",2872.2,2900,2782.6,2806.8,2794.35,406999,11549.66
"2018-08-06",2824.9,2841.1,2766.2,2807,2803.8,336943,9436.02
"2018-08-07",2824,2923.3,2805,2901,2906.1,563847,16209.63
"2018-08-08",2900,2918.65,2865.4,2875,2876.25,274439,7933.78
"2018-08-09",2875,2905,2861.25,2880,2872.3,182523,5261.26
"2018-08-10",2866,2895,2793,2807,2809.55,160577,4559.71
"2018-08-13",2798,2829.15,2770,2783,2777.7,96970,2714.69
"2018-08-14",2778.95,2850.75,2730.1,2838,2833.75,154276,4303.18
"2018-08-16",2830,2834,2680.5,2707,2711.45,300181,8239.41
"2018-08-17",2713,2737.7,2684.5,2711.95,2703.2,334400,9081.66
"2018-08-20",2718,2781.9,2710,2760,2771.8,256597,7085.45
"2018-08-21",2790,2862.3,2785,2848,2844.8,373656,10557.38
"2018-08-23",2871.8,2902.1,2802.5,2812.2,2815.25,287578,8185.81
"2018-08-24",2825,2901,2790.35,2900,2880.55,364021,10382.06
"2018-08-27",2917.95,3075,2901.25,3074,3060.85,1047466,31451.44
"2018-08-28",3094,3150,3070,3103,3103.75,1020654,31757.29
"2018-08-29",3103.75,3142,3081,3119,3119.55,328255,10235.79
"2018-08-30",3121.25,3144.85,3091.15,3129,3121.45,271773,8469.55
"2018-08-31",3125.25,3307.95,3119.95,3209,3199.75,1304769,42198.95
"2018-09-03",3225,3255.15,3052.2,3075,3078.8,474058,14826.07
"2018-09-04",3091,3126.8,2961.35,3012.15,3012.1,525921,16000.72
"2018-09-05",3012.1,3045.05,2936.7,2955,2957.3,446856,13293.57
"2018-09-06",2979.45,3075,2938.3,3020,3020.05,850267,25743.24
"2018-09-07",3035,3069,2993.95,3038,3044.15,465123,14144.47
"2018-09-10",3033,3128,3000.1,3014.95,3022.6,581145,17863.02
"2018-09-11",3025,3057.2,2894,2902,2922.3,562148,16695.48
"2018-09-12",2937.9,2991.35,2835.35,2923,2926.5,594220,17319.97
"2018-09-14",2956,3059.1,2947.45,3048,3048.65,598915,18042.8
"2018-09-17",3038,3049.9,2951.05,2958,2960.55,500760,15030.24
"2018-09-18",2974.5,2996.55,2915.15,2929.95,2924.85,400843,11866.32
"2018-09-19",2930,2963.5,2876,2904.85,2887.95,434938,12711.96
"2018-09-21",2911.05,2961.95,2454.8,2739,2744.75,1666137,45866.57
"2018-09-24",2768,2768,2493.35,2510,2518.35,809214,21049.71
"2018-09-25",2511,2565.45,2386.3,2536,2518.75,754513,18758.07
"2018-09-26",2541.05,2583.3,2509.2,2526,2534.85,473234,12000.03
