"Stock","Avg","Stdev","Sharpe","Sortino","Pos","Neg","Alpha","beta","alpha.monthly","beta.monthly"
"CNX_NIFTY.NS",0.111092897129946,0.135483867993593,0.304805833227468,0.300293869891754,33,27,-7.14006292184442e-17,1,2.14993764247463e-17,1
"NIFTY_BANK.NS",0.171560371907716,0.202668841574839,0.502118368367242,0.486153559937398,37,23,0.0429654986071871,1.22077519517347,0.0431023167458803,1.12793678573468
"NIFTY_IT.NS",0.100779500972579,0.178050645673391,0.174011596521445,0.19275478364444,27,33,0.0432619787299919,0.577646670182587,0.0171609370434445,0.515859521711487
"NIFTY_INFRA.NS",0.0515148859120993,0.205028431465714,-0.0891668429323959,-0.0966127707914021,27,33,-0.0638722763610123,1.13804834811529,0.0357891313118581,1.0897638487234
"NIFTY_PSE.NS",0.0529422449703844,0.198437609768169,-0.0849354056752869,-0.0962653585310719,25,35,-0.0487490986425065,1.02636505075326,0.0499034474639995,0.720117455876651
"NIFTY_CPSE.NS",0.0402115604979478,0.204329942034754,-0.144790641375008,-0.142990243235711,31,29,-0.0595248248810912,1.04722735315178,0.0372931701826864,0.691198190642012
"NIFTY_MIDCAP_50.NS",0.15973964571913,0.22361752403523,0.402218127805057,0.386209866704182,36,24,0.0289498568349053,1.28309070764066,0.0643161631886386,1.26950227463162
"OFSS.NS",0.0806134494707164,0.198341405117251,0.0545363970122315,0.0633950008134873,26,34,0.0376753968758774,0.520142422559912,0.157348026804748,0.448560459946449
"ACC.NS",0.0782457072351189,0.26716732829685,0.0316246879126363,0.0331494548636034,31,29,-0.00982481168641968,1.05021899402054,-0.213183252615459,1.84626432183381
"ADANIENT.NS",-0.0909186861383152,1.08646174266294,-0.147925420366553,-0.109116035706745,33,27,0.0068303745531264,1.84401135417062,0.558601727016376,1.16101640622028
"AJANTPHARM.NS",0.219345507103278,0.370224477776313,0.403941101204973,0.479528217972904,28,32,0.177938855808231,0.736440192061855,-0.321437879592592,0.55545448844305
"ALBK.NS",-0.139038056186737,0.434551374205023,-0.480575352974229,-0.491358334049764,24,36,-0.253069841964908,1.69476104662476,-0.356040274207655,1.9867118042407
"AMARAJABAT.NS",0.168816688437519,0.249571848166812,0.396759751981547,0.42960433342988,32,28,0.0985441030951032,0.843924598611309,-0.257666052597181,0.719308298820249
"ANDHRABANK.NS",-0.141858221898329,0.38664382348374,-0.547415561558837,-0.569986907996845,24,36,-0.2575060986942,1.63644523569367,-0.22482193328173,1.54834474958246
"APOLLOHOSP.NS",0.0816014307264047,0.274627481089051,0.0429847982522138,0.0433497586823727,29,31,0.0277058550350438,0.677440595274479,-0.224046990422053,0.989724076166125
"ARVIND.NS",0.189972603454826,0.353571128157971,0.339891948258441,0.303350739447375,37,23,0.0848999210026635,1.42163539002142,0.0948913842876155,0.887483766184209
"AUROPHARMA.NS",0.34125646452108,0.335108621406096,0.810065224597244,0.917319975349799,34,26,0.283717032601399,1.01947829812418,-0.321156516652844,0.941535574053717
"AXISBANK.NS",0.203581697794044,0.270648357478259,0.494313267530224,0.488105765877628,38,22,0.0885538913555229,1.35958831737885,-0.0760532856736112,0.72418063757562
"BAJFINANCE.NS",0.567287934355812,0.315739522254177,1.57563838364854,1.56808405778697,43,17,0.487473491434911,1.03617013416683,0.0622309300637145,2.15578881784654
"BANKBARODA.NS",-0.0104520317763864,0.413059360643119,-0.194278748479928,-0.190297874731604,27,33,-0.110781313505517,1.62813952496601,-0.247382053103992,1.36808562241907
"BANKINDIA.NS",-0.172327423700712,0.485890869077337,-0.498309523736804,-0.500796314152197,26,34,-0.292840067821804,1.81027056583121,0.0310193398897891,1.851545728773
"BEML.NS",0.281132314695794,0.548305124767279,0.38543446211307,0.426641839210134,33,27,0.205755015232633,1.40388846368167,0.326129435621202,1.04524125249505
"BHARATFORG.NS",0.285206381813835,0.327529542943033,0.657680391273963,0.696360584532832,34,26,0.195296677077949,1.18600808072016,0.209509043148625,1.10089469613178
"BHARTIARTL.NS",0.016317234404285,0.281542096808265,-0.189951662857059,-0.18107575958174,31,29,-0.0486123277797917,0.799147924466587,0.149459251385898,1.68198135140078
"BOSCHLTD.NS",0.158227797649587,0.305913048972767,0.289072905158031,0.364231866783207,28,32,0.087081625417428,0.860725680334608,-0.265032378237195,1.07235697229488
"BPCL.NS",0.246222468006857,0.323337905094172,0.545639225621244,0.52492090331451,35,25,0.163785129408729,1.10921523464316,-0.0179874645798192,1.53070979715861
"CADILAHC.NS",0.189613181387656,0.282168779610184,0.424627266332951,0.422329955286068,36,24,0.155145935589473,0.715049690589175,-0.143259742054007,1.47924692297099
"CESC.NS",0.132168351279002,0.32942163481363,0.189337070884886,0.193931981209621,32,28,0.0471453215638931,1.09590763974331,0.255727270890224,1.15239908933649
"CIPLA.NS",0.0638631482421484,0.262169731719005,-0.0226321916577665,-0.0219001783281018,32,28,0.000777055137539657,0.779848462023965,0.0139455900502991,0.16855819676708
"COLPAL.NS",0.135281743550243,0.171476448870667,0.381889875398313,0.400532379489073,34,26,0.102383664845954,0.421485932735783,0.083914195975679,0.18919582728265
"CONCOR.NS",0.179866193108632,0.249793183928225,0.440642805061411,0.481341609015121,33,27,0.135412644498859,0.712878464169429,0.037767010354617,0.939763916660677
"CUMMINSIND.NS",0.138085597965044,0.277427249606152,0.246150924989207,0.253452905402789,32,28,0.0825313416277855,0.801687378736416,-0.166162666176357,1.08607550138307
"DABUR.NS",0.191036694153237,0.194849161768193,0.622225259763727,0.591226202553957,38,22,0.145289477200468,0.611454366044963,0.144999427028158,0.418634165704641
"DCBBANK.NS",0.237023724675546,0.390598739431713,0.428130160024502,0.408324129535178,30,28,0.118174919844569,1.29579470594312,0.09371515653884,1.66182154962842
"DISHTV.NS",-0.0708964310925311,0.384776189044242,-0.365649068096654,-0.350452769420258,27,33,-0.132767729476076,1.23155740769801,-0.288605802016587,1.16182611560453
"DIVISLAB.NS",0.210044543568576,0.341585981294052,0.410578675330841,0.341289228875158,37,23,0.171964341770297,0.74461878674691,-0.077849680291407,-0.261837603929149
"DLF.NS",0.0382714296827669,0.491238514546756,-0.0641749236694077,-0.0689216827410744,28,32,-0.0808446980253076,2.01043230707123,0.0447156338153867,2.62418802314866
"DRREDDY.NS",0.0103837243836835,0.288605260028143,-0.205862150495113,-0.186717457544699,29,31,-0.0171789433187428,0.582257814517528,-0.161229857989561,-0.216130651857451
"EICHERMOT.NS",0.338261782601678,0.277779820883533,0.966467462936991,1.09709206934885,38,22,0.278264304059371,1.00185055068894,-0.0905996272048595,1.57575132646936
"ASHOKLEY.NS",0.383696446204008,0.389155578020482,0.806617815793477,1.12858425909939,35,25,0.297480265858115,1.35024790910817,0.0725638664293152,1.62484333780446
"APOLLOTYRE.NS",0.218918113314665,0.368311641291564,0.404878566787789,0.437291680795751,31,29,0.133538853225043,1.30734273593892,0.0243244477959329,0.896312306920437
"ENGINERSIN.NS",0.104772814652803,0.411387042939495,0.0850201565552677,0.0877441815770664,31,29,-0.000582038419350418,1.30422384324366,0.324821485619322,0.430925952863849
"EXIDEIND.NS",0.162631596568677,0.245396584531576,0.378305887543654,0.362517123026542,32,28,0.078421978571616,0.966409578691597,-0.00256780786416047,1.10400828244472
"FEDERALBNK.NS",0.156788169492818,0.337147932971303,0.258021886324137,0.278157276953338,31,29,0.0549472372409149,1.29816640703398,0.0310634250349763,1.88453026551209
"GRANULES.NS",0.373010465151118,0.451582770650197,0.671446877517642,0.714809180496927,36,24,0.305904638270398,1.24036533196176,-0.218979143529578,2.23798559089189
"HAVELLS.NS",0.314302611509769,0.303003944664189,0.806939948994623,0.987291261423057,31,29,0.237605642070571,0.987603924086223,-0.0229238544709206,1.65101872401818
"HEXAWARE.NS",0.227036949806368,0.332400976080824,0.473044116184714,0.508442023780861,34,26,0.173195085106427,1.00208004339019,0.498836919242348,-0.0579551921930678
"HINDPETRO.NS",0.368787287337409,0.352211192274682,0.848895975023287,0.971002212737551,36,24,0.290031922398573,1.32934007535048,0.185067791277068,1.09030354149761
"HINDUNILVR.NS",0.227531282604691,0.191305173560774,0.824518520913411,1.01370487297691,35,25,0.18449514532157,0.545037598107216,0.267579022800305,0.716998492625705
"HINDZINC.NS",0.225520572750089,0.267509958235467,0.582123932581753,0.575467021292457,36,24,0.149582165394145,0.995283447427685,0.292639679525119,0.0926554337339768
"ICIL.NS",0.411825709915502,0.59099158043607,0.578737662905204,0.733170884411232,32,28,0.360303868032953,1.47385991068551,-0.341419330658215,1.35915023903428
"IDBI.NS",-0.00809541914438883,0.447965809799476,-0.173879437443081,-0.161654243850394,30,30,-0.102842564450299,1.5222444762276,-0.351565001559132,1.4984749142532
"BRITANNIA.NS",0.391001881303499,0.228426000236557,1.40616767405454,1.36146485261966,43,17,0.334415174429136,0.655058085825442,0.143548127356285,0.807895390495686
"IDEA.NS",-0.27990813713444,0.393443927248923,-0.888829987634979,-0.861438393575707,22,38,-0.295575058478847,0.877443259707837,-0.033821672612562,1.76450404149316
"INDUSINDBK.NS",0.263061743424906,0.252911998975123,0.764159550953683,0.736126794060972,39,21,0.162279543162124,1.08559964183087,0.0779560331680068,1.13069029371092
"INFRATEL.NS",0.141587978218769,0.275833474242604,0.260270638139983,0.259185371144142,32,28,0.133305318685693,0.505471227962031,-0.0160843111778636,0.507977436591903
"INFY.NS",0.117690019792659,0.221415731563464,0.216305298621717,0.19168488309021,35,25,0.0671064266076713,0.627745189325044,-0.0948484341135696,0.814697847838904
"BHEL.NS",-0.0743088798670404,0.434708312325668,-0.331499305714586,-0.329421949606438,25,35,-0.153769774371575,1.41403059810823,-0.258320500535145,1.80727587615634
"JETAIRWAYS.NS",0.0126310647333836,0.636815990185223,-0.089767782224293,-0.0934393281526206,27,33,-0.0330538096107085,1.3827656500938,0.0419832222898978,2.51122097613664
"CAPF.NS",0.23174964174024,0.376518830465338,0.430132585089581,0.447249268269248,34,26,0.110425887284646,1.48792918616061,-0.376050967173721,2.35298924634653
"JINDALSTEL.NS",-0.0703828554595974,0.550339915036766,-0.25471436013779,-0.261220322056767,27,33,-0.155904163199834,1.85263494061121,0.270883853418252,3.25275197038128
"CENTURYTEX.NS",0.24842002421017,0.415732851952477,0.429659093607812,0.437205616986384,34,26,0.105363139949873,1.73786154500292,0.0501631634376044,1.80598834241399
"ADANIPORTS.NS",0.163411768101788,0.328600849388462,0.284890146871899,0.294084221885426,31,29,0.0473341113445898,1.49242269213995,0.0972372752487232,1.68517558664387
"JSWENERGY.NS",0.0800100997869551,0.397616084081788,0.025686777619328,0.0274361970910217,28,32,-0.0180751383633403,1.62424410660316,-0.016618388541781,1.30956043175029
"JUSTDIAL.NS",-0.180750321883514,0.510314581797278,-0.490965680146528,-0.513634103068656,24,36,-0.195426376919588,1.12219619336645,-0.208127215080047,2.24834320164163
"KOTAKBANK.NS",0.227330224664997,0.197887312916204,0.796077315347784,0.810368066905285,37,23,0.141527549330893,0.97193803727804,0.00218141868830277,1.29381562379599
"KSCL.NS",0.108879778749251,0.445438294489688,0.0877408955975559,0.0824534382774865,32,28,0.0815876722343381,0.849915277848578,0.0580078914367499,1.77658091056301
"L&TFH.NS",0.124529068867632,0.345562637792839,0.158386466083077,0.158109651752376,30,30,0.0132935394745623,1.30064176486951,0.195572497555878,1.99343636785819
"LT.NS",0.153314283675204,0.256525230414126,0.325572886858334,0.354071901494143,32,28,0.0430386627891034,1.28874389459346,0.0306224501092393,1.23896879634522
"MARICO.NS",0.25022566692303,0.191531322666938,0.94203413078031,1.18715189501247,33,27,0.212224181992281,0.576767749108583,-0.0369646868071574,1.10692087370273
"MARUTI.NS",0.304445880048662,0.283716694010776,0.827054809057062,0.781391102632578,37,23,0.203900734825095,1.02901189240927,0.274247508066422,1.20032411270726
"MCDOWELL-N.NS",-0.278140251665762,0.797735059417592,-0.436155928482147,-0.333342544952766,28,32,-0.133543377983815,0.768616666778943,-0.0645342740254177,2.37414794971595
"MINDTREE.NS",0.195121048874183,0.369674493090492,0.339012908272865,0.36395103502641,33,27,0.164786303487755,0.614614886616004,0.336519723860946,-0.754328417907555
"MRF.NS",0.269221831465698,0.308444125182801,0.646552134816087,0.901568659404105,31,29,0.189527717591954,0.953980848215586,0.190378457191218,0.572769343016995
"NMDC.NS",0.00520915326921783,0.29251948384624,-0.220797157641677,-0.235143501065285,27,33,-0.0735908595463575,1.05999000560092,0.0253650359232746,1.33997768945982
"ORIENTBANK.NS",-0.13483204058878,0.529118144140652,-0.386735300446744,-0.375779755626101,27,33,-0.264259188710232,1.98752655985599,-0.388520706230394,2.22350039148865
"COALINDIA.NS",0.0673626585705793,0.242157474809125,-0.0100511672770678,-0.0113737408439087,28,32,0.00143226688877192,0.821308521555953,-0.194411392780032,0.522090896627247
"PAGEIND.NS",0.330651369687901,0.326836019635491,0.79812116828967,0.737952546702859,39,21,0.295991607762173,0.740742735169404,0.332736080037627,0.581044778407336
"PETRONET.NS",0.253327395651538,0.229017223406906,0.80138414510498,0.90103779486398,35,25,0.20635450340312,0.799172086346837,0.291411455136311,0.176240021998021
"POWERGRID.NS",0.157922934690092,0.20295980507642,0.434205732507638,0.481952398246392,32,28,0.0969289542738508,0.674777365264891,0.0950083123829694,0.13953192764684
"PTC.NS",0.083994186486848,0.31881392088719,0.0445324425924098,0.0413738505921556,33,27,-0.0112947302120769,1.46033944223386,0.174258911675345,1.35754912321014
"RECLTD.NS",0.0791552184597855,0.384124199967605,0.0243634600561397,0.0256510501864661,30,30,-0.0245017624601053,1.54239016460673,-0.036066794737626,1.80922612013646
"AMBUJACEM.NS",0.0490318070029113,0.268942711776786,-0.0772090707243298,-0.076509834336768,30,30,-0.050645351961067,1.22100354021214,-0.160410183007981,1.43676608632455
"RELIANCE.NS",0.207057352497329,0.267197840435786,0.513704483599813,0.594587713664777,32,28,0.0973824872123033,1.11012724446728,0.168064627488689,1.62815644812741
"RPOWER.NS",-0.160946602109275,0.414510323891429,-0.55666460560097,-0.521348443966042,27,33,-0.272940014320978,1.542533742422,-0.197683466769455,1.49193419405312
"SINTEX.NS",-0.171505984086288,0.846519390915758,-0.285052664514308,-0.253758450399061,26,34,-0.112419940763315,1.42895860693582,-1.10434085200603,1.65570840185226
"SYNDIBANK.NS",-0.162722138045029,0.461048018292294,-0.504326561826571,-0.50374329132485,26,34,-0.278744022391658,1.76759186436553,-0.19916381984953,1.69125286280828
"DHFL.NS",0.223105804027704,0.573862869517044,0.267152987785129,0.224048029309389,33,27,0.180817071045853,1.5991056916321,0.253626557848927,2.07322770474958
"TATACHEM.NS",0.214666926274121,0.267645899749728,0.541276001434392,0.589514348740496,33,27,0.110821320004171,1.08889709177934,0.0673943611535874,1.32120756626148
"TATACOMM.NS",0.135461854129991,0.269669560522894,0.243502567161777,0.262954572371678,31,29,0.0530046784104825,1.11484766308318,0.183069313687026,-0.170487090898109
"TATAELXSI.NS",0.38608713516209,0.433523838272056,0.729580436834767,1.09942367911369,30,30,0.373299444326662,1.22381455352699,0.267046693476242,0.0734801797393267
"EQUITAS.NS",-0.0873114540676099,0.335917995749946,-0.467697711681507,-0.43185038270879,13,18,-0.179041261917918,1.34191353896295,-0.367295850293369,1.46039746627474
"TATASTEEL.NS",0.096200750867167,0.323660549249507,0.0815796891870629,0.0851552843006923,30,30,-0.0244214219565396,1.51743669724122,0.452970073823503,0.611110163858177
"ASIANPAINT.NS",0.200021132928496,0.220535121415553,0.590493288485496,0.78796058310013,30,30,0.11692727853607,0.862165585200663,-0.246086986905085,1.57578609445837
"GODREJCP.NS",0.188536902664955,0.247994749818341,0.478801583076476,0.422897824997603,38,22,0.136122416143707,0.851861560576872,0.0183744605356704,1.08242626948633
"GODREJIND.NS",0.134137813813969,0.287086095895626,0.224118098635062,0.24006867137063,30,30,0.0249856230841228,1.20099183062871,0.0686621154494055,1.29610482566678
"GRASIM.NS",0.0989205004047584,0.253963360018461,0.114677473732287,0.116490221409074,30,30,0.0178131379364924,0.982862286130959,0.081888510308198,0.441154384051208
"HDFC.NS",0.178906676682539,0.206361277654121,0.528733171579499,0.530995608403194,35,25,0.0687612341779264,1.19247433838898,-0.0134546648951073,1.15789044971017
"BAJAJFINSV.NS",0.412214571692313,0.300675748965315,1.13882795341281,1.35968545005538,37,23,0.346288980230703,0.931626553710376,0.176963606854217,1.5512745591564
"TITAN.NS",0.283856144177917,0.291346397098485,0.73472513287432,0.83777728245316,35,25,0.227765284900476,0.829918972367287,0.444709533207676,1.11596233141483
"TORNTPHARM.NS",0.272049052597731,0.261675484035583,0.772913173298839,0.828761781321725,36,24,0.224575439739082,0.687718469107146,-0.256175529188404,0.976555931817593
"HDFCBANK.NS",0.230074021627423,0.165685389948076,0.967359872951828,1.09524522631143,36,24,0.143256547350673,0.839978765566981,0.181058351954038,0.8260520956636
"TORNTPOWER.NS",0.159500432075505,0.407032553165227,0.220384850107586,0.24130317769714,32,28,0.14331417549069,1.13879588907346,0.268166920785757,0.6359295975715
"HEROMOTOCO.NS",0.0988994573347378,0.225223363470556,0.129217648777652,0.153491668478705,27,33,0.0230240871879552,0.863711592787672,-0.0221151790932465,0.7717245034759
"TV18BRDCST.NS",0.0982504090252065,0.406978403258895,0.0699147299711326,0.073354040455767,30,30,0.0131087538777684,1.41076752475657,0.0633113980218837,1.20644557561685
"HINDALCO.NS",0.136597214630198,0.396537927020644,0.168459524855089,0.187560684693469,28,32,0.0134356543853703,1.62826011777447,0.308242667962497,1.00499895099483
"TVSMOTOR.NS",0.470888006185006,0.375263088224296,1.06882716396555,1.44127153606546,36,24,0.42334342025102,0.99202139929467,0.416543803408246,1.15938763018796
"ULTRACEMCO.NS",0.152531416174483,0.269147185274786,0.307396089737057,0.337417452399777,32,28,0.0514255893985792,1.11718934145308,-0.198500998636388,1.81606947509423
"VOLTAS.NS",0.333505856780767,0.375301565819127,0.702659559514283,0.699628395535124,37,23,0.262856050104479,1.45864850010321,0.105290452208547,2.10217685728436
"BALRAMCHIN.NS",0.175362258985193,0.529476530450338,0.199377364352916,0.202386600733302,31,29,0.166227328046725,0.909842054910874,0.107206167053138,0.431943341619901
"ICICIBANK.NS",0.137955334250934,0.28067950348046,0.242834655001451,0.260591607842036,31,29,-0.00290447614638341,1.56142601288031,0.0684586744607318,1.18078633953962
"IGL.NS",0.323423157968267,0.267789884303507,0.94711021206288,1.12681684583938,36,24,0.26930623790155,0.774578983087452,0.578868189199082,0.264385934688159
"INDIANB.NS",0.186020365104269,0.540509199294888,0.215026388817449,0.242685803491446,30,30,0.0881812128137714,1.5115450953462,0.277471067805056,1.24713919893938
"YESBANK.NS",0.214471075809466,0.453058859602216,0.319328159875765,0.289033643482013,33,27,0.10022818278997,1.51636272849049,-0.0171196865218578,1.27980005489046
"INDIGO.NS",-0.00439348154253059,0.39210185297992,-0.189211310367381,-0.179976142457777,17,19,0.0221065629176525,0.703306782824287,-0.0983380867734226,2.10852624134769
"ZEEL.NS",0.114622609427903,0.212602479503769,0.210844133498596,0.211348906098175,32,28,0.0384378710475558,0.911084134682658,-0.195473860950978,1.54776734065889
"BIOCON.NS",0.324224015170857,0.304726119607542,0.834937916189321,1.08171592319141,33,27,0.281583582196382,0.838236357396123,0.270695541800064,1.0452319865914
"INFIBEAM.NS",-0.0210414557240154,1.1090485546472,-0.0819063143815108,-0.0527516732941253,21,10,0.234213936720035,1.09232792142007,0.602759413923168,-1.45930470100826
"CANBK.NS",0.0247360514788901,0.42682711746548,-0.105571015838825,-0.113429914386041,27,33,-0.0990067490889078,1.78983131965529,-0.247548601092958,2.32657378360958
"BAJAJ_AUTO.NS",0.0610792620843836,0.228323836559993,-0.0381798147063111,-0.0395572416999783,30,30,-0.0119685672060964,0.828456809163674,0.0676333639356506,0.397952814484266
"BATAINDIA.NS",0.130165518911193,0.288163189745006,0.209495512273219,0.220780295802202,30,30,0.0582359224748863,0.962614695178196,0.0818776382564418,1.61644915945142
"IOC.NS",0.244565092576441,0.300782319947763,0.581046348567011,0.765105134437421,31,29,0.162361048747,1.05806578892575,0.184393950042245,0.528413734501865
"ITC.NS",0.0763880750865405,0.183654542580238,0.0358904883955295,0.0365535888594797,30,30,0.00804712934411018,0.80859080824504,0.00607821767051285,0.467659509799731
"CASTROLIND.NS",0.0155361993264723,0.264903407227265,-0.204830980087224,-0.226306760991204,24,32,-0.0267541795877898,0.7490722858758,-0.383138302433353,1.48800299631198
"JISLJALEQS.NS",0.0163625754915308,0.44783043254196,-0.119317590951662,-0.107717341950374,32,28,-0.0733944578233664,1.66685110417408,0.111928105301309,1.02743091399851
"CEATLTD.NS",0.305660307563071,0.517414710126801,0.455850363527527,0.590012748191097,32,28,0.265628970046365,1.12508099204461,0.23403673232092,0.494145849851088
"JSWSTEEL.NS",0.269352889931636,0.266039242527589,0.750100865490411,0.866173918722189,35,25,0.169904413046753,1.21001401295617,0.301309990120113,0.394470317428886
"JUBLFOOD.NS",0.123338557312494,0.404134220342019,0.132485522779791,0.138077627163978,31,29,0.0605189957037642,1.07071805954317,0.161976717092819,1.99726162978206
"CHOLAFIN.NS",0.327376492917941,0.326480553849417,0.788959299485467,0.943536386665383,31,29,0.300556708635125,0.692035063339072,-0.0925741876799308,1.17618770012681
"GLENMARK.NS",0.0479178477011765,0.296407026879945,-0.0738132843421534,-0.0647190528480286,32,28,0.004926431216214,0.717103359725335,-0.463239988291813,0.707358910803432
"HDIL.NS",-0.164232224534685,0.607923975778301,-0.384964004902662,-0.378669305768985,26,34,-0.252355116588717,2.18402591753139,-0.648127637940859,3.06086302586088
"DALMIABHA.NS",0.574911003696128,0.497582013709235,1.01513793891677,1.25271073760293,38,22,0.496591393261346,1.24476064409372,-0.0511292474886707,3.00088126750028
"IBULHSGFIN.NS",0.294738589474787,0.402115064948994,0.559397011514705,0.547577918691363,36,24,0.206119821422822,1.24837793394611,-0.0182018905401157,2.16844104140638
"INDIACEM.NS",0.0973143318566231,0.489592490123048,0.0562053310752969,0.0574817725382269,30,30,-0.0497127561415555,2.1556207431178,-0.30290430718702,3.11266704833449
"JPASSOCIAT.NS",-0.408244065771928,0.825457182631162,-0.579122333281347,-0.585604054525323,23,37,-0.399122323784476,2.10005916971953,0.0745549919729647,4.04263550915807
"MFSL.NS",0.0967426995515569,0.364208380012997,0.0739853259096264,0.103800593927674,14,19,0.0269215142814132,0.822323498062065,0.0299647583702452,0.133406501296428
"MOTHERSUMI.NS",0.208954321199234,0.317796893088416,0.43788249781045,0.408708211687428,35,25,0.138869797846838,1.21815449840042,0.312124147727002,0.982009422770367
"FORTIS.NS",0.062208358415096,0.337131178851986,-0.0225083466561059,-0.0232494623543715,31,29,0.0269544094204759,0.959087024035561,-0.0851609994053401,0.330157123110407
"GODFRYPHLP.NS",0.109880557805492,0.479582128124495,0.0835809585002069,0.0925315404514444,28,32,0.0723739819294623,1.17505175971104,-0.501508413872084,1.83592930572737
"GSFC.NS",0.151176035734811,0.459735082075929,0.177013708656005,0.215623573103125,31,29,0.0932349248374613,1.07835542287688,0.149185961794478,2.70816824058902
"KTKBANK.NS",0.037524035287208,0.327515642705128,-0.0985375486297799,-0.0904954948636888,32,28,-0.0714103354389917,1.45584108817655,-0.250135348383288,1.82993045318252
"HCLTECH.NS",0.149904293832745,0.227757135838705,0.351724083991811,0.351290309599317,34,26,0.117029586777593,0.558287686226973,0.0759867702082567,0.193941079743012
"IBREALEST.NS",0.043731394794644,0.59079406163598,-0.0441189760615678,-0.046389142409486,28,32,-0.0351388248150694,2.03273350123396,0.385498163992036,2.00373648465858
"M&M.NS",0.112306345835614,0.237070494084589,0.179312580177808,0.187026176915485,32,28,0.0235450889970844,0.97265260595417,-0.187272689536772,1.54011363063274
"IDFC.NS",-0.18447072489404,0.530695895314168,-0.479120624441223,-0.378164787838679,30,30,-0.245158838868578,1.43409786461523,-0.291928641896841,1.50571230601693
"IFCI.NS",-0.0890773580009725,0.445073478102004,-0.356961242749762,-0.335132521171932,29,31,-0.196683992320822,1.68950244796098,-0.0988551207932732,1.39892145066959
"NCC.NS",0.257511266964138,0.600937022548222,0.312369909097748,0.31875678237877,33,27,0.178019043184178,1.84152112568249,0.158871984329426,1.46032654203762
"NTPC.NS",0.036721546071492,0.24329540708179,-0.135946165949064,-0.158957870322424,27,33,-0.0400360826254027,0.832589299004682,0.181360876144133,-0.0982219099501055
"IRB.NS",0.0951036195771866,0.427587994250862,0.0591854683952165,0.0672015633464037,30,30,-0.00997677169771378,1.63116944707373,-0.384332724921538,2.40096153818632
"RCOM.NS",-0.457011294784973,0.755689045595024,-0.697122608449943,-0.72689648390222,25,35,-0.453152576201065,1.66956246897116,-0.709126088499948,3.16971284243887
"RELCAPITAL.NS",-0.0669702251475045,0.51236727524403,-0.266931272961653,-0.255580678282757,28,32,-0.196469446950127,1.86040916196724,-0.355979947822965,2.5680701427949
"SUNTV.NS",0.126603949497047,0.398546716385562,0.142536177828681,0.124635128569869,36,24,0.0665434378158043,1.17448547067363,0.294603658073495,1.61489199543255
"TCS.NS",0.149489644747567,0.221145594984776,0.36036449604965,0.462138815940078,29,31,0.109014464204102,0.526205955513598,-0.0585026770832543,0.997529263207234
"M&MFIN.NS",0.0886548364145536,0.346978746706791,0.0543497627340597,0.0474127639586213,34,26,0.00648107851407564,1.22821235796014,-0.127935147341902,2.12526348148599
"GAIL.NS",0.133717816396264,0.273026743824059,0.234120627319121,0.24033890427531,33,27,0.0609757645300241,0.989106324662678,0.360891592820625,0.741802370838014
"NIITTECH.NS",0.273386499756419,0.389815227461131,0.522272762983435,0.578798448834013,33,27,0.266430712600917,0.641125664373483,0.339414351355542,0.16031947279152
"OIL.NS",0.00678558304567617,0.229598016171314,-0.274440702329877,-0.274535452065521,30,30,-0.0328868183513754,0.707073536188874,0.184199371478999,0.129586069787233
"MRPL.NS",0.147117787724119,0.367360177129634,0.210477805381597,0.247191903147573,26,34,0.088696283220746,1.17447163524366,0.259619372137356,0.616817380763947
"PEL.NS",0.330256786583744,0.311428640557938,0.836339786410908,0.865956758592328,36,24,0.271488979096512,0.832031616114039,0.130047173813024,1.43619371734511
"PFC.NS",0.103282301460721,0.411674942371308,0.0813400917980583,0.100245765467436,28,32,0.00167721156338333,1.61677105579564,-0.0411994203276665,0.716508330065216
"MUTHOOTFIN.NS",0.314601813563647,0.323201208920062,0.757438966655958,0.79469267310128,36,24,0.265460740278769,0.987053773880323,-0.043945589425927,1.88303911348689
"PIDILITIND.NS",0.269267698346883,0.228539425227336,0.872808156803512,1.01409320130915,36,24,0.217053768120463,0.736203945341677,0.086987971874267,0.881863751506161
"ONGC.NS",-0.0181319668566589,0.259608477852623,-0.338696915606327,-0.32000488746502,29,31,-0.0909638336397564,1.097534730901,0.0267178277821513,0.730274221700641
"PNB.NS",-0.0727970401651609,0.551043556345873,-0.258770223116333,-0.248766639385182,28,32,-0.163040309823907,1.62019867530212,-0.413837624591372,3.55137145386583
"PVR.NS",0.167229181952359,0.335036812165896,0.290811500578738,0.330716151542098,29,31,0.13917379583793,0.773040605477785,-0.0652998515888675,1.27955428325067
"SAIL.NS",0.00087234064123067,0.406713012312995,-0.169466629120303,-0.20832314600319,24,36,-0.102666981783825,1.53528557003954,0.152294976363377,2.47423280426265
"SBIN.NS",0.101816662570491,0.327778197744964,0.0976881285378435,0.102693157770927,30,30,-0.0292738819450401,1.53442129354375,-0.105731088975464,1.74390648602116
"SHREECEM.NS",0.262126311299204,0.278072583809145,0.691652822465702,0.752976727621709,35,25,0.199146770347863,0.822854161974282,-0.171731707900738,1.3965356239855
"RELINFRA.NS",-0.0221174648126069,0.44748634541419,-0.20540087895824,-0.213418380101724,25,35,-0.147470122635056,1.80241853240173,-0.277686922984522,1.8356023827587
"RAYMOND.NS",0.211867085134298,0.335224171153049,0.423807331041639,0.445985527345824,33,27,0.135161615928467,1.18943539133077,0.287698713521894,1.61346512302334
"SIEMENS.NS",0.0962687956421981,0.304012896726329,0.0870758183944743,0.089902304177229,32,28,-0.00100733703537357,1.34089652127756,-0.296104720404789,1.85619211476578
"SOUTHBANK.NS",-0.0473929958044339,0.309951667593614,-0.378089979549206,-0.365367801800848,26,34,-0.134904092561355,1.14113764430474,0.0616585204231095,1.42630208673361
"SRF.NS",0.477191598094799,0.412399695844204,0.987864390645491,1.21128376117243,37,23,0.424389830155325,1.25931321089832,-0.0649713016696271,0.980903765881036
"SRTRANSFIN.NS",0.154486954436534,0.336389348057928,0.251762819091026,0.29908510011855,29,31,0.083023510529596,1.19381606399463,-0.0561679389383888,1.62131958179991
"SUNPHARMA.NS",-0.0114257144893354,0.291571769601453,-0.278567223629489,-0.276000710287104,26,34,-0.0605777480476697,0.744095887049383,-0.264017904104024,0.368107409609685
"TATAGLOBAL.NS",0.0957828935623373,0.299084007464781,0.0868861893530672,0.0907013636965295,29,31,0.00244547584128111,1.17672275554101,0.531548775009175,0.833891168355875
"TATAMOTORS.NS",-0.153049522030267,0.36119028622119,-0.616977129199636,-0.597152192978672,26,34,-0.268045940473445,1.48270431340081,-0.43742121799026,1.65411240302553
"TATAMTRDVR.NS",-0.140396755129641,0.35188348806127,-0.59733799998686,-0.599240471917054,24,36,-0.258094384036219,1.52281472051235,-0.517795644937864,1.5623743364063
"UNIONBANK.NS",-0.060396423322958,0.489685280718152,-0.265870860952366,-0.273434045749431,27,33,-0.189473356896707,1.90977816335466,-0.324181891800702,2.25897616353219
"VEDL.NS",0.0993125421410855,0.443100538203648,0.0666122374923451,0.0602492765609373,24,18,-0.00529323882861254,2.01759455991377,0.524017901019556,0.356529849134502
"STAR.NS",0.0591252801878238,0.455091974448872,-0.023448762598764,-0.0237461233167478,28,32,0.00121181386912306,1.09830930170517,-0.140507475879674,-0.100853003676993
"UJJIVAN.NS",-0.124956545274136,0.482273147881232,-0.403823372682105,-0.40464543261293,12,18,-0.150136078172114,1.89542893055907,-0.337955771259661,1.41798659913095
"ESCORTS.NS",0.35323634356237,0.453840815932578,0.624535541437948,0.696293559543337,32,28,0.250702006414845,1.44746359219266,0.0659217429801501,3.28046581979631
"UBL.NS",0.102900105846661,0.299498850345788,0.110529579499765,0.123307423990005,29,31,0.0631034116464832,0.837308865465885,-0.0250333465094028,1.04214497132372
"UPL.NS",0.317136371194941,0.311643451413083,0.793662585291464,1.08108469667194,33,27,0.237462689993424,1.12928820452671,-0.134707852815445,1.49245665308268
"WIPRO.NS",0.0799675611174494,0.204948378419704,0.0496268247575137,0.0537715369750066,27,33,0.0369565003961195,0.490821930116103,0.064788800930089,0.969670687503374
"BALKRISIND.NS",0.388549030294222,0.378769882337526,0.841546335389201,1.01831625922681,32,28,0.363799513855343,0.626290789355386,0.724629042144396,-0.205116657118284
"CANFINHOME.NS",0.444877951911543,0.401902174277267,0.933265237314942,1.15059965536323,34,26,0.385119638539847,1.23022015810006,0.209159387005105,0.579604599899227
"IDFCBANK.NS",-0.15251698284637,0.392252383380774,-0.566761646640754,-0.575181992038908,15,21,34.4683999953409,-28.0556181252174,-0.505053440873838,1.27670772131271
"KPIT.NS",0.0876690651391885,0.472057383593867,0.0378607387640967,0.030214393466345,35,25,0.0507222882356177,0.947678695505431,0.225563202268709,0.566999049021793
"TATAPOWER.NS",0.0108126093894028,0.30366537660973,-0.194240170303253,-0.203379121556608,27,33,-0.0896159027559253,1.22386495758457,0.0830062092831236,0.63707750283436
"GMRINFRA.NS",-0.0427440784636181,0.50573247158212,-0.22253010958309,-0.229447934590279,26,34,-0.156622629859627,1.75920419150822,0.223965586257111,1.43975384807073
"LUPIN.NS",0.00531757471792282,0.302074126359875,-0.213454392523968,-0.210425489633993,27,33,-0.0384991112588218,0.69486770681233,-0.485650363674633,0.473575866815512
"BEL.NS",0.227857151239044,0.415024187880177,0.380846543400503,0.414391519696806,31,29,0.152125691104741,1.05355373996053,0.28862205531566,0.640551184552934
"LICHSGFIN.NS",0.169103197321576,0.283931981037098,0.349754800785625,0.342030540784893,34,26,0.0331389323369513,1.43897975734827,-0.0573003413306497,0.267831090764209
"ADANIPOWER.NS",0.0572553181686091,0.655054192032161,-0.0191454475694025,-0.0222515067710642,29,31,-0.0596057741203521,1.97384639964358,0.276874995664145,0.842487432708433
"TECHM.NS",0.127401242266937,0.264170716802611,0.218058303762341,0.216026836707526,32,28,0.0919072620043846,0.613833983657409,0.295366727306011,-0.809263574620542
"MCX.NS",0.09196882446417,0.361404883933799,0.0613500303746677,0.0683015031115958,31,29,0.0434149005458692,0.996840829402585,-0.314251298825706,0.0656237661275234
"NBCC.NS",0.386668543070059,0.462758059002539,0.684746409162033,0.997616126324632,30,30,0.317985882174349,1.31761853024415,0.159000807459799,0.971803109223731
"PCJEWELLER.NS",0.11796203642916,0.681663561060694,0.0706586288651465,0.0582218391902316,35,25,0.212503067482217,0.953189168493188,0.283138304972887,1.395937651143
"BERGEPAINT.NS",0.265321025476759,0.271474820421772,0.720230337810735,0.799938403389786,34,26,0.223233794181863,0.814081807117173,-0.1767062797012,1.36848493662846
"NESTLEIND.NS",0.149809978950253,0.217741690828282,0.367469154798084,0.38793951210658,31,29,0.108702762882641,0.428381441742517,0.112885358706189,0.374612724335236
"VGUARD.NS",0.352550832555348,0.371214116881325,0.761701120295662,0.860285543688257,35,25,0.296822757290005,0.836903587054408,0.125827639951258,2.31612427560292
"NHPC.NS",0.118010770051964,0.291313146376459,0.165506249183754,0.177803134010868,30,30,0.0409561451829381,0.935292754388371,0.155045541379964,0.675733612995803
"SUZLON.NS",-0.120214500322754,0.584386464596818,-0.325146346966002,-0.317957062212134,29,31,-0.166192748712249,1.512547431804,-0.305076571879685,2.12389692948005
